Predicted Oil Production (stb/day),Predicted Gas Volume (scf/day),Predicted Water Production (stb/day)
1542.8244089999987,1169995.2161600017,3675.152650000003
1406.4918039999998,982715.85618,1994.5250340000002
95.785378,146849.82854,739.539202
8.109068000000002,2333.57004,1606.521981
20.478353,536269.7704,120.14214500000004
246.60574,198097.3342,19.483275
0.0,5.00554,0.6088720000000001
0.0,0.0,0.068561
0.0,0.0,0.0
0.0,0.0,0.0
0.0,0.0,0.0
0.939726,0.0,47.542965
0.0,0.0,5.731448
0.0,0.0,0.0
0.0,0.0,0.0
0.0,0.0,0.0
0.0,0.0,0.0
0.0,0.0,0.0
0.0,0.0,0.0
0.0,0.0,0.0
0.0,0.0,0.0
1963.364374,1689271.2912400004,5994.574424999998
2193.551327000001,1680519.65523,6697.802714999994
2921.0162450000016,2380330.2626599995,4912.514531000002
2363.987683000002,1855761.4891,4529.492528999999
2463.867222000002,1922027.0268099997,4565.931127999999
2453.452240000002,1918205.39939,4535.637859
1609.3663189999993,1298552.8705900006,4591.995630000002
1310.4768409999992,1062585.3857000002,3855.005765
1373.6158609999993,1139530.24653,4285.644954000002
2708.167677000003,2237850.740030001,4686.799139000001
2549.3980130000027,2121722.24733,4863.8129480000025
2704.630810000001,2271496.49025,4788.97956
3375.6542999999992,2706701.2593499995,4880.474529
3693.290493999997,2901009.971679999,4290.246088999999
2599.7834290000033,2139217.9404400005,4557.886218000002
2367.1855190000006,1896936.15393,4171.2808030000015
1816.3897179999988,1336604.5409300015,3975.5510990000025
240.103138,501847.27541,411.478591
27.360242,27749.29823,147.680394
339.319082,41551.30171,16.408723
491.9578830000001,391233.02758,1.1774879999999999
0.0,0.0,0.17863600000000002
0.0,0.0,15.847655
0.0,0.0,0.0
0.0,0.0,0.0
0.0,0.0,0.0
0.0,0.0,0.0
0.0,0.0,0.0
0.0,0.0,5.731448
0.0,0.0,5.731448
16.047048,11759.21366,16.733287
0.0,0.0,0.0
0.0,0.0,0.0
0.0,0.0,0.0
0.0,0.0,0.0
0.0,0.0,0.0
0.0,0.0,0.0
0.0,0.0,0.0
0.0,0.0,0.0
0.0,0.0,0.0
0.0,0.0,4.675986
0.0,0.0,0.0
0.0,0.0,335.733782
186.651976,406052.7089,39.77544399999999
763.1216700000001,652397.3171199997,5106.5025339999975
1242.3001599999989,1084322.6244400004,6400.673178999994
2454.8637160000017,1932874.5685499988,5851.1177659999985
1812.3521669999984,1483604.8286200007,5004.113285
1799.9998649999986,1465088.3018700003,4734.598736
2502.040603000002,2013939.6736199993,4774.931474
2346.5687860000016,1826639.9916199988,4591.911344
1341.019193999999,1137350.344450001,4124.577553000001
2610.753189000003,2068942.83105,4590.129386999999
2688.5837620000025,2231189.2099600006,4697.671404000002
2678.616628000002,2189120.763250001,4759.687659
2715.7144190000004,2202168.430439999,4815.566761
1999.4406690000003,1495967.153369999,4717.925203999997
2024.1408700000002,1522303.629109999,4229.115465999999
2175.998453,1647892.37002,4688.009335000003
1767.8774639999995,1176525.116020001,4001.392306000002
569.9771559999992,344479.7272500002,1928.4416649999994
1039.8263180000001,1002255.6700700003,9804.011656
225.92736499999998,253736.38941,1032.1223260000004
42.948749,106604.64448,1072.8205130000001
31.589009,70265.81137,509.0654249999999
288.696533,234295.8357,20.953877000000002
49.234975000000006,2.50277,1.238501
16.564086000000003,5879.60683,0.0
62.164699,35076.88282,0.0
0.0,0.0,0.0
0.0,0.0,0.0
0.0,0.0,0.0
0.0,0.0,0.0
0.0,0.0,0.0
0.0,0.0,0.0
0.0,0.0,21.579103
0.0,0.0,0.0
0.0,0.0,0.0
0.0,0.0,0.098753
0.0,0.0,0.0
0.0,0.0,0.0
0.0,0.0,0.0
0.0,0.0,1.9524160000000002
0.0,0.0,7.809664000000001
3006.9300970000004,2727235.3317133333,2099.0673499999994
2521.7239000000013,2100640.554340002,6000.237940999996
2520.778513000003,2153475.0103400014,6356.754511999997
1134.3373419999991,960623.0795200006,7562.6481519999925
1129.326727999999,958017.2264600006,7096.352210999994
2516.9114210000025,2046262.6128199995,7096.566070999992
2461.8412130000024,1928641.9432299999,6732.456840999993
1280.6219849999989,1084984.9442200006,4139.632668
2430.7025680000024,1972160.5880699998,4596.654004000002
1716.3661380000003,1458963.9919099996,4583.4085220000015
2055.231711000001,1525621.9102999996,4668.0889050000005
2201.5194990000014,1768925.0281800008,4626.676803000002
2609.954359000001,2142895.116730001,5664.508561999992
2100.881386000001,1768161.8457099996,4377.967057999994
2542.7960290000033,2054232.90804,3987.483857999998
2469.813159000003,2023110.0876500001,3606.44698
2027.5028750000001,1387668.5642600006,4244.575028000001
283.5532,501847.27541,374.107185
34.158474,560202.25966,100.80416900000002
493.21148,398732.8831300001,152.954559
339.319082,198109.84804999997,4.429417999999999
529.304758,480272.06377000007,0.32016100000000003
0.0,0.0,0.0
0.0,0.0,0.0
0.0,0.0,0.0
0.0,0.0,0.0
0.0,0.0,0.0
0.0,0.0,0.0
0.0,0.0,0.0
0.0,0.0,0.0
0.0,0.0,0.0
0.0,0.0,0.0
0.0,0.0,0.0
0.0,0.0,0.0
0.0,0.0,0.0
554.1640960000005,516103.3217100001,2368.3246379999973
2224.409438,1915946.9301400012,6220.647088999995
2273.2336760000007,1828811.6935500011,6228.685708999994
2655.487040000003,2181666.723470001,4958.414547999996
2838.1329150000024,2295343.7370700003,4864.608633000002
2896.745651000001,2342766.63957,4812.690973000002
2814.587558000002,2320752.5641099997,4739.205532000002
1982.2280840000003,1536950.67929,4775.72024
2067.360089,1662394.8102200003,4618.582831000001
2485.2557380000017,2023842.7956300005,4578.244431999998
2513.331782000002,2034562.1983700008,4529.900749999998
2318.0794890000016,1886887.4300100007,3361.425062000001
2311.2535810000013,1980010.6056400014,3419.9233200000012
2259.437190000001,1969228.8207400013,3329.827876000001
2265.712094000001,1972201.6843700013,3362.5415370000014
2265.712094000001,1972201.6843700013,3243.356101000001
2265.712094000001,1972201.6843700013,3446.101042000001
2262.036218000001,1910183.9474500006,3277.6265370000024
2262.036218000001,1910183.9474500006,3376.6965530000016
2274.8489480000003,1907541.1705900012,3296.4732640000007
2554.370887000001,2082434.5828700012,3316.124482000001
2520.099822000001,2055940.965650001,3559.0147190000002
669.046543,513750.58014000003,185.65626899999998
66.015437,340115.38346,53.36436
31.450629,18410.13608,228.80566900000002
20.478353,546977.9900999999,119.05083000000005
260.285861,219513.77360000004,64.668748
246.60574,274296.72614,3.607315
529.304758,569311.09996,0.9850140000000001
0.0,0.0,0.068561
0.0,0.0,0.0
0.0,0.0,15.847655
0.0,0.0,0.0
0.0,0.0,0.0
0.0,0.0,5.731448
0.0,0.0,0.0
0.0,0.0,0.0
0.0,0.0,0.0
0.0,0.0,0.0
0.0,0.0,0.0
0.0,0.0,0.0
0.0,0.0,0.0
0.0,0.0,0.0
0.0,0.0,0.0
0.0,0.0,0.0
0.0,0.0,0.0
0.0,0.0,0.0
425.76506800000027,391435.3742400001,1643.5499529999986
2171.696722,1899676.5035600013,5292.884669000003
2521.7239000000013,2095470.886990002,6378.339275999995
2429.3734910000016,2102713.921020002,7308.681853999992
2588.4689770000027,2181666.723470001,7489.696102999991
2720.7589990000024,2224302.924790001,7583.451697999993
2541.0845200000026,2088905.2916900013,7374.935681999992
2335.5229170000016,2006887.5278700013,6885.131494999992
2046.8031110000009,1795629.524070001,7125.603226999992
2014.8656360000004,1772087.929360001,6698.6084639999945
2403.378179000002,2050848.6087900007,6578.025389999995
2019.2875060000006,1787579.8568000013,6598.084199999995
2254.4051900000004,1997985.0691200015,6598.084199999995
2254.8008310000005,1975242.1933900015,4566.116682999999
2240.6395250000005,1962636.4574900018,4404.356123999999
2240.6395250000005,1946947.764320002,6036.394747999996
2267.5651280000006,1941996.2050800016,3730.582017000001
204.27215299999997,238829.6336,1834.0113626666666
166.545991,254588.49964000002,3400.9036179999994
157.21603399999998,282433.12199,1594.2810119999997
24.550499,42542.974019999994,721.1761759999999
31.589009,0.0,897.1326359999998
0.0,0.0,32.318649
0.0,0.0,0.0
0.0,0.0,15.847655
0.0,0.0,0.0
0.0,0.0,0.0
0.0,0.0,0.0
0.0,0.0,0.0
0.0,0.0,0.0
0.0,0.0,0.0
0.0,0.0,0.0
0.0,0.0,0.0
1403.9758039999995,1259587.4799614293,1588.0966839999992
2397.923491000001,2010602.5034400015,5888.283488999997
2421.188314000001,2038622.8174200016,5877.780446999997
2123.492678000001,1885461.666540001,7642.690917999992
2386.3926630000024,1956980.5679,7553.289889999994
2648.141578000002,2183119.8020799994,7220.30986999999
2578.762249000003,2159851.8529699994,6343.588283999995
2139.990090000001,1839227.2797400004,6656.281166999996
2355.265969000002,2039157.8877200014,6556.264505999995
2308.0073120000015,2005062.2037000014,6674.0246279999965
2226.3505320000013,1911639.4758400014,6651.608954999994
2215.0744490000006,1989526.0665800017,6651.608954999994
2246.6886180000006,1973837.3734100016,6748.459229999992
2240.6395250000005,1946947.764320002,3663.464572000001
2240.6395250000005,1930818.6083400017,3649.2120610000006
2267.5651280000006,1941996.2050800016,3859.0634440000013
2248.4724620000006,1941996.2050800016,4163.089335999999
2244.7965860000004,1879978.4681600013,3773.600585000001
2248.4145940000003,1882951.3317900014,4094.772387999999
2253.6076180000005,1961714.1320300014,3308.6890730000014
1940.8587539999996,1588379.542320001,3829.381563
125.401214,66206.43139,991.9002919999999
0.0,0.0,0.0
0.0,0.0,0.0
0.0,0.0,1510.701379
828.5458469999998,657285.3610699999,890.2419409999998
5.972984,54891.83535,75.67499
0.0,2538.21473,11.74972
185.426684,144155.1042,2.1065209999999994
0.0,0.0,0.007547999999999999
0.0,0.0,0.0
0.0,0.0,0.0
0.0,2538.21473,15.953327
0.0,0.0,41.007025999999996
0.0,0.0,10.396112000000002
0.0,0.0,10.406176000000006
0.0,0.0,10.393596000000002
0.0,0.0,6.350384000000002
0.0,0.0,6.350384000000002
0.0,0.0,73.713139
2792.029416500002,2798489.1114147617,1569.1700739999987
2171.696722,1899676.5035600013,5292.884669000003
2521.7239000000013,2079361.075410002,6317.666564999997
2433.5009890000015,2039895.174110001,5633.504523
2414.769369000002,1955903.1589500003,5940.011820000001
1420.6191439999993,1190286.5456800011,7652.712774999994
2520.478480000003,2095351.2270100003,7100.910573999992
2434.1104900000028,1929610.6140600003,6860.613703999991
2552.621638000003,2012732.5865899995,6867.131401999991
2529.4486490000027,2126959.9307199996,6642.456375999995
2349.2344880000014,2121223.0665,6508.091282999995
2460.7756870000017,2063105.8948600008,6726.499581999995
2405.2532280000014,2016119.9251700013,6493.557608999995
2043.5486650000007,1781048.919080001,6122.884763999995
2249.1014620000005,1968885.8141700018,5983.580762999993
2222.606095000001,1967324.2621900013,6067.589373999996
2253.6076180000005,1961714.1320300014,3461.519719
2253.6076180000005,1961714.1320300014,3198.7310670000006
2253.0691940000006,1902273.2668700009,3192.442954
2265.712094000001,1956093.860180001,3334.538457000001
2271.4504610000013,1966433.194880001,3074.6432050000017
248.40090599999996,278627.2313099999,1932.6069029999999
0.0,0.0,0.0
0.0,0.0,0.0
0.0,0.0,0.0
0.0,0.0,0.0
0.0,0.0,0.0
0.0,0.0,0.0
0.0,0.0,0.0
0.0,0.0,0.0
0.0,0.0,0.0
0.0,0.0,0.0
0.0,0.0,0.0
0.0,0.0,0.0
0.0,0.0,0.0
0.0,0.0,0.0
8163.139356000009,6635394.186509998,4136.307459499999
5592.473595,4690647.691400001,3844.8426975
5568.910626000001,4746692.431810001,3831.5173325000005
5557.777955000001,4745695.626880001,3829.6278165000003
5552.520773000001,4743686.400299999,3892.7190324999997
5488.121866,4743229.304129999,3863.1145184999996
5427.115784999999,4689046.345729999,3862.9352534999994
5431.359647999999,4740748.910799999,3928.612288499999
5451.238563999998,4750408.91112,3844.132556499999
5438.271728999999,4750408.91112,3818.059248499999
5428.032237999999,4717344.46718,3744.835471499998
5427.815232999998,4717344.46718,3949.7765659999986
5410.830346,4676913.739259999,4052.9074059999984
5410.830346,4676913.739259999,4135.549828999999
5410.830346,4676913.739259999,4222.378246999999
5410.830346,4676913.739259999,4151.764819999999
5447.901089999999,4706035.47325,4244.641072999999
5474.340476,4758612.12633,4327.0362989999985
5511.743961,4791948.888590001,4324.736045999999
5620.569767,4809454.16212,4395.287831
5620.569767,4776117.39986,4442.286081999999
5620.569767,4809454.16212,4293.226919999997
5620.569767,4776117.39986,4290.542347999997
5620.569767,4776117.39986,4352.622131999998
5620.238913000001,4781263.86805,4257.212266999998
5620.238913000001,4808830.80295,4170.469392999999
5620.238913000001,4808830.80295,4243.205065999998
5620.238913000001,4826296.25102,4224.336952999999
5620.238913000001,4826296.25102,4208.842166999999
5620.238913000001,4826296.25102,4155.8589809999985
5620.238913000001,4826296.25102,4122.100550999999
5620.238913000001,4826296.25102,4193.0146399999985
5620.238913000001,4826296.25102,4133.005523999998
5620.238913000001,4826296.25102,4168.226378999999
5620.238913000001,4826296.25102,4170.285095999999
5620.238913000001,4826296.25102,4147.660594999998
5620.238913000001,4826296.25102,3854.4456404999987
5620.238913000001,4826296.25102,3856.5194534999987
5620.238913000001,4826296.25102,3855.387882499999
5625.021200000001,4829893.10216,3850.9817374999984
5618.346252000001,4826296.25102,3783.4881504999985
5625.021200000001,4829893.10216,3783.4881504999985
5620.238913000001,4826296.25102,3932.1444379999975
5657.402749000002,4856013.3654000005,4031.6547539999974
5655.837797000001,4866866.55514,4002.0584169999975
5655.837797000001,4866158.80073,4297.824280999998
5657.402749000002,4855392.5866600005,3920.6557529999986
5665.777255000002,4879857.77763,3823.2054119999984
5677.557796000001,4908059.18767,3559.435519999999
5677.557796000001,4925083.378680001,3559.435519999999
5677.557796000001,4935689.168370001,3546.9171619999993
5701.334625000001,4946799.793950001,3539.892489999999
5719.931639000001,4950540.181950001,3546.9171619999993
5697.2851230000015,4956789.803380001,3546.9171619999993
5697.2851230000015,4955093.885480002,3750.701210999999
5697.2851230000015,4897329.720900001,4036.611273999998
6529.737689000004,5099531.626190002,5608.590461999997
22.743220975390454,20824.081956698643,0.0
2.5348699999999997,2205.54532375,0.0
2.5348699999999997,2205.54532375,0.0
2.5348699999999997,2205.54532375,0.0
2376.004099,2027724.3624500008,997.6153859999998
5864.082714000005,4938506.72259,3666.947973999998
5951.096687000005,4950109.423110001,11267.456894000003
6028.088174000005,4976761.759720001,13834.618495999994
5838.035195000004,4922937.149270001,3435.7961349999987
6038.533977000005,5043538.843850001,10784.289915
6032.397453000004,5042379.090590001,10588.002917
6032.397453000004,5042379.090590001,10655.475118
6032.397453000004,5042379.090590001,10654.571245
6032.397453000004,5042379.090590001,10695.622929999998
6059.850158000004,5067988.216890001,10842.046581999999
6059.850158000004,5067988.216890001,10347.129254
6060.265927000004,5153171.158740002,10347.129254
6060.265927000004,5215068.501480001,10134.168094999999
6041.526759000004,5203752.3875400005,10038.316672
6041.526759000004,5203752.3875400005,9930.696659000001
6041.526759000004,5149297.262610001,9709.518244
6041.526759000004,5149297.262610001,9776.865903
6041.526759000004,5148751.73288,9754.487970000002
6041.526759000004,5152294.36675,10202.283134
6041.526759000004,5148751.73288,10200.564076999999
6041.526759000004,5152294.36675,10021.46702
5902.435989000004,5159701.139829999,2331.8539600000004
6047.590948000005,5157523.846420001,10313.026132
6151.209892000004,5221288.9051,9946.810381
6151.209892000004,5221288.9051,10082.629093000001
6041.526759000004,5152294.36675,9942.500473
6041.454424000004,5152294.36675,10041.383047000001
6145.001033000004,5220515.736260001,10023.939619000002
6145.001033000004,5284321.48525,10023.939619000002
6041.454424000004,5152294.36675,10166.216903
5956.240020000005,5152294.36675,10450.22487
6100.321276000005,5175330.80081,6528.961502999999
1496.7054999999998,2154644.3899099994,10810.383351
1239.3973249999997,1866280.6102299995,11126.291052999999
1063.7471879999998,1586745.74885,11127.359724000002
1065.9153509999999,1587723.80948,11351.822148
1065.7637619999998,1475123.7988800004,11598.819754999999
1065.5310319999999,1476301.05388,11110.233312000002
1590.1692389999998,1591484.2090500006,10631.612744999999
1565.0576719999995,1664202.0855000007,10651.263963
1652.5647809999996,1683512.9010800002,10853.332728999998
1633.4721149999998,1685036.6573500002,11373.981188999996
1530.4834289999992,2192669.9840999995,12273.279471999997
1104.7397469999996,1167368.40545,10941.638667999998
2615.125368,2500538.549330001,11608.951057999999
1391.8889399999998,1254317.6639899998,11412.606820999996
1445.807449,1267691.9832599997,11290.522952999996
1442.1309439999998,1267272.7639899997,11185.452276999997
1372.7421799999997,1261455.2780999998,11194.939483999997
1362.9046199999998,1266211.7412999996,11190.682411999998
1361.5183039999997,1182219.8249799998,11612.476603
1304.2120009999999,1246626.9765399997,11621.963809999997
1298.308207,1243640.2505999997,11621.963809999997
1242.086929,1186475.49767,11621.963809999997
1284.7180329999997,1219646.20873,11621.963809999997
6529.407464000004,5685993.510020002,3459.9163979999994
1101.017954,1420075.97631,590.125913
1033.753323,918065.7948800005,1067.5388
1903.2313450000001,1939750.7509499993,700.3317449999998
6549.515336000004,5641888.966370002,20169.710876999994
1598.402849,1395870.7557400006,336.95907400000004
1363.1996209999998,1250191.2210900006,265.00587699999994
8026.1620260000045,6039959.759269999,499.1605620000001
3330.1146999999996,2952972.369460001,616.7231779999997
5605.183169000001,4631778.7734814305,1911.7171840000008
6518.588664000002,5699857.913309999,3905.4355254999973
6551.194766000001,5721627.603340003,477.9519400000005
1085.3898199999996,1087105.99414,355.8787649999998
1103.0873639999995,1088514.1040799997,405.5886350000005
1359.286612,1250707.54358,405.5766840000004
1384.7089049999997,1256268.53967,405.5798290000004
1551.8197379999992,1653971.8666300008,405.6119080000004
1355.189306,1231852.96991,405.5735390000004
1103.9201599999994,1090162.8541199998,408.23358000000036
1102.0979469999993,1088008.3998099999,407.3164980000004
1103.8723559999994,1089380.3343099996,408.81792100000035
1103.8723559999994,1089380.3343099996,409.0160560000004
1103.8723559999994,1089380.3343099996,409.0946810000003
1409.6324009999998,1270189.1687999994,412.2252140000005
1605.2155480000001,1664808.2182700008,412.32962800000047
1570.895421,1605671.1802100004,397.50661400000035
1102.3967219999997,1088476.6401899997,399.82951100000025
1102.4445259999995,1089705.3590599997,627.7420000000004
1102.3967219999997,1089184.7934899996,627.1576590000004
1103.5647749999998,1090033.6208199996,854.3952309999997
1105.6920529999998,1090033.6208199996,854.0077669999997
1111.0788089999994,1088587.3198099995,1209.5330340000003
1107.2192649999997,1090125.1325399997,3162.064141
1114.1212819999996,1089541.6376599995,3160.0928549999994
1255.1172929999998,1225764.4082599997,11857.540663999996
1908.5256379999998,1923040.3521400006,11857.540663999996
2224.623298,2155782.4760300005,11997.043428999996
2955.193589000001,2716480.2489100005,12170.964444999996
2980.276851000001,2713315.55449,12170.964444999996
1215.979026,1174765.45338,11994.328664999997
1202.364321,1177220.8296,11996.428266999994
1345.9945839999998,1250703.3393499998,11997.166083999993
1204.663945,1082332.7493199997,12037.547883999994
1086.6585129999999,1087987.2339299996,12127.61691
6545.825622000005,5572030.287550002,16269.677518
2096.6903589999997,2651554.2473599995,13484.548545999995
996.8033469999999,1196645.9465800002,12434.631181
1137.502469999999,1103486.7261599998,12128.420143000001
1245.6778900000002,1205082.47361,12147.817874
1269.2591000000002,1259601.5797899999,12147.817874
1334.4549499999996,1292198.89177,12143.945120999999
1282.564966,1275015.3671499998,12137.426165
1214.678254,1224024.9972299999,12139.811962000002
1195.2421539999998,1197420.78864,12132.563366
1214.3348199999998,1201072.6689500003,12063.681576
1208.1341380000001,1198877.3054700003,12240.587826000004
1208.1341380000001,1198876.7159600002,12244.460579000004
1181.6966389999998,1153590.7801500002,12414.410718000005
1203.741831,1190196.9225100002,12250.110257000004
1203.741831,1190181.2952,12259.055266000003
1161.691294,1140117.2184600001,12414.410718000005
1170.666495,1140117.2184600001,12420.081782000005
1144.249124,1140117.2184600001,12376.938043000004
1384.5761859999996,1185259.2149900002,13096.734193000004
1358.1588149999995,1185259.2149900002,12968.783642000004
1331.7628299999997,1167515.2746300003,12719.705303000004
1331.7628299999997,1167515.2746300003,12743.076427000007
1301.874008,1119794.4789600002,12759.996527000007
1301.874008,1119794.4789600002,12944.040669000002
6524.026998000004,5490775.130810002,14406.388931
1683.9839599999996,2262347.263279999,17476.310233
1170.666495,1140117.2184600001,12524.825377999998
1236.296984,1126524.6322300003,12272.452337
1397.302114,1060935.5625399998,12947.301405000002
1103.690575,943516.0252899998,12414.936562000003
1133.579397,1015251.2062199998,12377.307895000002
1133.579397,1015251.2062199998,12378.231267000001
1132.8667400000002,1018300.6284899999,12276.145196
1128.971972,1040268.05147,12292.527501
1065.736086,1149107.7260399996,11981.920382
1152.394674,1090661.2265800002,12299.794967000002
1182.3923129999996,1086063.8287099998,12229.116124
1174.0291289999998,1055984.91051,12229.969048
1177.6049939999998,1057401.72896,12236.856598
1155.9749419999998,1060384.19419,12266.928459
1103.8352449999998,980475.3617999997,12311.500657000004
1092.9793339999999,1055147.86632,12358.551743999999
1222.5545919999997,1200450.2063999998,12429.475267999998
1101.975292,997483.38541,12431.401266
1147.6117579999998,1028527.6562399999,12273.079450000003
1498.7057200000002,1075518.7091299999,12729.884410000006
1050.6199579999998,1068540.2027099996,12342.466956000007
1061.8356569999996,1131296.9874899997,12609.138425000005
1471.965043,1107953.0727799996,12721.758359000003
1449.849403,1040604.1992499998,12736.601501000005
1414.800894,988658.0218199998,12906.922121000003
1414.5788570000002,989200.3816099998,12831.355319
1430.0491119999997,993710.7155599998,13082.019995999999
1410.5155169999998,988541.0482099998,12841.279052000002
1410.2934799999996,966775.7812699999,12841.784139000003
1410.5155169999998,966233.4214799999,12837.372962000001
1065.0856999999994,1129884.1402899998,12411.983407000005
1230.9152599999998,1133882.4795099997,12228.451900000002
2472.3310460000002,1725013.0601499993,12798.345399
3352.706492999999,2527687.7793300007,13144.020526000002
3369.171196999999,2493155.8826200007,13156.503660000002
3350.735835999999,2467522.0498500005,12929.559831000002
3354.3827779999992,2561358.17248,13988.025306000001
3003.8706409999995,2428597.869450001,12247.336367000002
2812.6779139999985,2328039.4901600014,12228.321697000001
2825.094373999999,2436694.5527900006,13459.101722000001
2804.5833129999983,2347756.3510500006,12321.858400000001
2820.215220999999,2364698.0353700006,12544.631330000002
2810.278907999999,2357753.254570001,12533.973554000002
2819.259140999998,2351437.583310001,12583.240608
2825.038392999999,2440341.2793000005,13725.312763
2994.118624999999,2451960.0801500003,12575.522778000002
3288.123288999999,2477581.790900001,13326.577083
3164.4323259999987,2447172.6341400007,12752.806428000004
3342.7362139999996,2482156.0566800004,13013.737014000002
3339.623292999999,2450121.126650001,13009.766137
3349.1450949999994,2466557.9503700007,13045.414712000003
3041.930802,2428170.100520001,12644.857448000002
3383.355775999999,2765783.68831,14776.627137000001
3383.355775999999,2765783.68831,14537.011474
3382.201560999999,2764244.3012,14534.575986000002
3370.509708999999,2704552.47069,14259.794820000003
3349.223090999999,2528277.2046100004,14193.729062999999
3381.843030999999,2762771.62403,15526.044784
3382.201560999999,2764244.3012,15370.694992999997
3370.868238999999,2765544.4708000002,15255.671020999998
3385.3144819999993,2765544.4708000002,15516.131743999998
3372.022453999999,2765544.4708000002,16084.42947
3371.9444579999995,2765783.68831,16075.79959
3371.9444579999995,2765783.68831,16235.463062999997
3355.5369929999993,2562897.5595900007,17197.461953
3371.9444579999995,2705127.6383,17579.532278
3369.0932009999988,2467761.267360001,17788.406824
3403.691974999999,2504150.3994400008,17222.735172999997
3357.4397179999987,2563215.8561600004,18025.034737
3418.357109999999,2787362.7830499993,17797.558773999997
3407.023787999999,2804043.9957299996,18032.790307
3559.317896999998,3054714.1035900004,18080.452153
3521.526947999999,3074128.531729999,18155.084890000002
3521.0463919999993,3073732.539859999,18636.164217999998
3521.0463919999993,3073732.539859999,18723.254929000002
3521.0463919999993,3073732.539859999,18247.123314999997
3521.0463919999993,3073211.836619999,19290.197159999996
3521.0463919999993,3099015.6494799987,19287.228908999994
3524.659367999999,3093866.657339999,19118.305297999996
3524.659367999999,3093866.657339999,19336.568926999993
3507.702156999999,3093866.657339999,19131.07462699999
3507.702156999999,3083072.4468399994,19429.472855999993
3489.6070849999987,3065616.34621,19402.384970999996
3473.9613389999995,3070089.459839999,19666.29827499999
3384.433882,3037159.3677000003,19801.93709299999
3509.943912999999,3144563.89253,19839.674576999994
3322.265409,2943030.029149999,20237.127096999993
3322.265409,2948449.5393099994,20057.773407999994
3241.7508930000004,2913150.082929999,17584.568052000002
3275.4917109999997,2921716.0162299983,17584.568052000002
3275.4917109999997,2921716.0162299983,17747.234371
3275.4917109999997,2910753.693009998,19299.593790999996
3253.8843030000007,2858029.7789200004,14184.870856
3360.7904009999997,3002313.6539899986,18348.429426
3642.574853,3128351.8521900005,20596.52134299999
3544.1866729999997,3088156.1657899995,18042.293868
3590.0099519999994,3092735.310029999,18382.235031
3550.310617,3091895.512439999,18373.378082
3505.695647,3055755.8030999987,18342.368382
3506.2472799999996,3055000.0901099993,18310.454179999997
3539.478607999999,3055000.0901099993,18161.035859
3539.478607999999,3055000.0901099993,18161.035859
1067.3878399999999,1115412.7393800002,14104.867087999994
2636.1421449999993,3149753.666679996,552.0053680000002
5614.047666000003,4788440.0227,1559.526245999999
2119.059486,2234116.6671999996,14022.764346999998
2071.0303039999994,2176716.80215,13081.072721999997
7568.0525199999975,11636620.12922,283.66327500000006
2740.2347259999997,2992950.6714299973,494.794044
5179.671588,5230762.768559997,568.824828
758.7054610000002,858362.4777499996,12940.8573
2123.980782,2238880.48339,15273.668598
2558.172563,2531678.0243000006,14791.159553
2730.153743,2529632.06454,14982.727793000004
2723.069316,2505656.1774599995,14955.816657
3024.827034,2692112.98371,15136.247194000001
3045.2104080000004,2712451.47407,15104.294623000002
3125.9526220000007,2783206.0845399993,15094.0501
3146.1963580000006,2813630.3532299995,15093.996635
3073.436154,2835750.4451800003,15065.250706000003
3352.337899,2939717.9043199997,15065.250706000003
3218.449588000001,2865583.48829,15061.099935
3507.4618790000004,3029807.4861599994,15062.172380000002
3589.366485,3071442.7348,15062.601358
3565.4946770000006,3058200.077469999,15062.252892
3533.3282460000005,3026879.2523199995,15062.252892
3529.585696,3022339.3722699992,15066.783579000003
3529.585696,3018242.96965,15066.783579000003
3529.585696,3050926.0853399993,15066.783579000003
3529.585696,3018242.96965,15066.783579000003
3529.585696,3018242.96965,15066.783579000003
3197.3535570000004,2785339.6059099995,15032.977974000001
3529.585696,3022339.3722699992,15066.783579000003
3529.585696,3018242.96965,15066.783579000003
3529.585696,3018242.96965,15066.783579000003
3374.3252230000003,3018242.96965,15066.783579000003
3374.3252230000003,3018242.96965,15066.783579000003
3374.3252230000003,3012307.8535699993,15066.783579000003
3107.2191150000003,2884144.0447300007,15066.783579000003
3220.5768660000012,2927665.3653100003,15066.783579000003
3114.243787,2897319.2296400005,15066.783579000003
3107.079477,2880302.7057900005,15066.783579000003
3039.8538439999998,2760219.4870199994,15068.569939
3062.109751,2775903.5205899994,15072.392372
3062.109751,2775903.5205899994,15072.392372
3062.109751,2775903.5205899994,15072.392372
3089.8549410000005,2794632.539219999,15072.392372
3062.109751,2775903.5205899994,15072.392372
3062.109751,2775903.5205899994,15074.537891
3062.109751,2775903.5205899994,15074.537891
3063.989832,2790647.501039999,15074.537891
3062.109751,2775903.5205899994,15074.537891
3063.989832,2790647.501039999,15074.537891
3063.989832,2790647.501039999,15074.537891
3083.7253360000004,2740359.55876,15074.537891
2944.248360000002,2435289.8810700006,13807.209191999998
3216.2002840000014,2816889.2492299993,15101.49746
3193.4342580000007,2812956.518589999,15101.49746
3237.619621000001,2856035.63607,15101.49746
3150.0577890000004,2814508.168920001,15072.751531
3142.8934790000003,2797491.64507,15072.751531
3111.622115,2768205.55781,15074.537891
3033.724238999999,2705946.5065599997,15074.537891
3083.7253360000004,2740359.55876,15074.537891
3033.724238999999,2732920.9239,15074.537891
3142.8934790000003,2797491.64507,15074.537891
3142.8934790000003,2797491.64507,15072.751531
3473.382659000001,3121611.931410001,19435.27663899999
3111.622115,2768205.55781,15074.537891
3143.033117000001,2794771.2505700006,15072.751531
3142.8934790000003,2797491.64507,15072.751531
2994.4444469999994,2670777.7554899994,15103.28382
2994.4444469999994,2687692.3329399996,15103.28382
2994.4444469999994,2697752.17283,15103.28382
2994.4444469999994,2670777.7554899994,15103.28382
3080.2538849999996,2733036.8067400004,15103.28382
2994.4444469999994,2687692.3329399996,15103.28382
2994.4444469999994,2663642.6829799996,15103.616561
3016.700353999999,2662412.1391000003,15103.337285
2994.4444469999994,2658746.45296,15102.871196
3016.700353999999,2662412.1391000003,15102.59192
3016.700353999999,2662412.1391000003,15102.59192
3016.700353999999,2662412.1391000003,15102.59192
3016.700353999999,2662412.1391000003,15102.59192
3016.700353999999,2662412.1391000003,15102.59192
3016.700353999999,2662412.1391000003,15102.871196
3210.7235810000006,2816661.7583799995,15098.838677
2994.4444469999994,2646728.10553,15102.871196
3210.7235810000006,2816661.7583799995,15099.187143000001
2991.535322,2606621.92581,15112.836443
2920.6835040000005,2632371.157809999,15110.923654
3239.8991170000013,2758092.5525899995,14725.723424999998
3405.355051,2927200.8596699997,8995.241569
3405.355051,2927200.8596699997,8984.896406
3029.5237770000003,2386095.275140001,15058.791504999997
3345.449091,2913310.15435,13404.813360999997
3397.3831049999994,2999877.41394,13327.420571999997
3397.3831049999994,2999877.41394,13281.267067999997
3406.295406,2922680.4899299997,8486.659845000002
3402.6824299999994,2927829.4820699994,8408.944379
3406.295406,2922680.4899299997,8408.944379
2922.8629889999997,2636758.3971299995,8336.375391
2922.8629889999997,2646335.7672099997,8336.375391
2922.8629889999997,2646335.7672099997,8336.375391
2922.8629889999997,2646335.7672099997,8336.375391
2922.8629889999997,2646335.7672099997,8336.375391
2922.8629889999997,2646335.7672099997,8336.375391
2933.5452960000002,2672300.2303699986,8361.175603
2933.601277,2672300.2303699986,8361.175603
2972.825088,2707468.9814399993,8467.516230000001
2972.825088,2718041.977429999,8336.375391
2963.485066999999,2677666.8540699994,13329.684972
2836.500030999999,2612095.1449199994,13432.696931
2836.500030999999,2613659.4008799987,13432.696931
2950.175426999999,2688988.9407699998,13432.696931
2950.175426999999,2660402.2276999997,13361.310463
2943.4042419999996,2664547.3549099993,13361.310463
2945.7019789999995,2668534.36636,14723.021240999997
2954.063275999999,2663618.926079999,14757.472829
2955.8590709999994,2663618.926079999,14870.146227999998
2969.118390999999,2668767.918219999,14870.146227999998
2969.118390999999,2659530.635399999,14868.424025999997
2969.1743719999995,2659530.635399999,14893.224237999997
2969.1743719999995,2650671.217899999,14893.224237999997
2969.1743719999995,2650671.217899999,14893.224237999997
3004.7053239999996,2657329.849839999,14891.001980999998
3226.7064710000013,2806265.66834,14891.001980999998
3269.3293980000003,2810972.0090699997,14891.001980999998
3279.7368320000005,2843341.1947999997,14891.001980999998
3279.7368320000005,2843341.1947999997,14891.001980999998
3279.7368320000005,2843341.1947999997,14891.001980999998
3308.916771,2852519.8301999997,14719.076781999996
3308.916771,2852519.8301999997,14719.076781999996
3308.916771,2852519.8301999997,14891.001980999998
3279.7368320000005,2865206.1559999995,14891.001980999998
3243.778789000001,2810019.84805,14891.001980999998
3243.778789000001,2810019.84805,14719.076781999996
2933.216328999999,2617349.8711499996,14891.001980999998
2903.591057999999,2617110.2265099995,14541.442149999995
2883.9316629999994,2552939.6061299997,14541.442149999995
2883.8756819999994,2562710.2154699997,14522.609889999996
2883.8756819999994,2562710.2154699997,14873.671143999996
2883.8756819999994,2562710.2154699997,14522.609889999996
2883.8756819999994,2562710.2154699997,14522.609889999996
2883.9316629999994,2552939.6061299997,14547.410101999994
2883.9316629999994,2552939.6061299997,14547.410101999994
2883.9316629999994,2562710.2154699997,14547.410101999994
2883.9316629999994,2550268.20097,14547.410101999994
2883.9316629999994,2550268.20097,14547.410101999994
2883.9316629999994,2553616.1624000003,14547.410101999994
2883.9316629999994,2559845.5710500004,14547.410101999994
2883.9316629999994,2559845.5710500004,14898.471355999995
2894.6139699999994,2559845.5710500004,14726.546156999995
2894.6139699999994,2559845.5710500004,14898.471355999995
2894.6139699999994,2559845.5710500004,14898.471355999995
2894.6139699999994,2559845.5710500004,14898.471355999995
2752.2593190000002,2258391.3476400007,15230.727396999999
4189.667730999995,3549224.0305299996,9183.407548
4277.183016999994,3552676.013999999,7896.760371999998
4270.474731999999,3502212.2953699995,7645.50506399999
4275.377157999996,3516101.5569199985,7758.538250999998
4276.574773999995,3513013.3893699986,7762.697198999998
4263.919923000004,3499546.1887400025,7649.499213999987
4239.690842999996,3494362.613189998,7664.624776999998
4212.084662000006,3472215.8203200023,7470.384544999991
4151.148400000005,3126865.1432300033,7508.684983999992
4237.3415280000045,3476745.646930001,7594.531532999989
4239.717889999999,3496226.223739999,7555.512775999997
4242.832068999999,3499502.88976,7478.188547999995
4273.491416000005,3506011.9450100004,7666.173374999989
4243.281804000005,3484982.99018,7589.292591999991
4245.782079000004,3490030.4383399994,7582.710106999992
4307.381307000004,3543234.181800001,7626.72123699999
4212.782852000005,3474786.722850003,7472.6816529999915
3973.2250570000006,2957836.5647300016,7739.7066199999945
4219.788654000005,3482499.250410001,7613.91228099999
4279.388920000005,3523675.00954,7589.292591999991
4146.735336000003,3202901.0114100035,7483.68412099999
4255.608946000005,3519786.569810001,7613.91228099999
4143.474600000002,3150601.219760002,7418.442353999999
3956.1980270000035,2938650.322850001,7830.67448699999
4183.0034760000035,3186901.1487400015,7580.74007899999
3992.0183190000034,2975937.64225,7830.67448699999
4212.867138000004,3515028.7228500014,7724.576024999991
3991.786218000003,2944975.7510300004,7974.510432999991
3960.292817000003,2893770.9512600005,7974.510432999991
3960.292817000003,2893770.9512600005,7830.67448699999
3960.292817000003,2893770.9512600005,7830.67448699999
3923.0258250000043,2849075.1714400025,7904.278179999988
3960.292817000003,2893770.9512600005,7830.67448699999
3792.9272390000033,2802669.3466600017,10023.522591999998
3792.9272390000033,2802417.6682500015,10023.522591999998
3792.8467270000033,2799286.5441300035,9915.834017999998
3812.060161000003,2805007.3397900015,10020.955642999998
3960.292817000003,2893770.9512600005,7974.510432999991
3911.0987270000037,2875416.6633100007,7830.67448699999
3791.1723290000027,2799736.7673900034,10115.803811
3861.5844760000036,2854415.1048100013,8456.657173999993
3834.0430820000033,2842294.659190001,10020.955642999998
3929.1522850000038,2893770.9512600005,7974.510432999991
3960.118584000004,2893770.9512600005,7830.67448699999
3794.6846650000034,2801720.7474100017,10023.522591999998
3796.0508530000034,2773789.145860001,10020.955642999998
3929.1522850000038,2893770.9512600005,7974.510432999991
3834.0430820000033,2842294.659190001,10164.791588999999
3797.5780650000042,2772070.9748400017,10116.239078999999
3794.6846650000034,2772070.9748400017,10023.522591999998
3831.8711450000033,2811076.465260001,10020.955642999998
3794.6846650000034,2772070.9748400017,10023.522591999998
3795.771577000003,2772340.440920001,10020.745556999998
3794.6846650000034,2772070.9748400017,10023.522591999998
3795.771577000003,2772340.440920001,10020.745556999998
3831.8711450000033,2811076.465260001,10020.955642999998
494.2562490000002,181687.41619000002,6663.176265
0.0,0.0,0.0
0.0,0.0,0.0
0.0,0.0,0.0
0.0,0.0,0.0
304.477514,143843.77938000002,7536.321356999996
2106.804049999998,1283687.2675199998,9734.022826
2106.830467999998,1286173.97602,9590.18688
1595.758533,1123585.1941699996,10010.809872999997
2186.661889999998,1301643.4279499995,9325.842081999996
2192.7487229999974,1298457.60295,9590.18688
2192.7487229999974,1298457.60295,9734.022826
2194.7300729999974,1288175.6978200001,9734.022826
2185.894509999998,1267561.59565,9734.022826
1912.9720389999984,1114324.3485999994,9734.022826
2159.907374999998,1278101.5508400002,9590.18688
2192.7487229999974,1298457.60295,9589.976793999998
2185.9165249999974,1293820.7396799994,9666.843109999998
2185.9165249999974,1294341.8841699997,9590.18688
2106.804049999998,1283687.2675199998,9590.18688
2106.804049999998,1283687.2675199998,9590.18688
2106.804049999998,1283687.2675199998,9590.18688
2106.804049999998,1283932.9519899997,9734.022826
2106.804049999998,1283932.9519899997,9734.022826
2106.804049999998,1283932.9519899997,9734.022826
2106.804049999998,1283932.9519899997,9734.022826
2106.804049999998,1293901.3260499998,9590.18688
2450.825535999998,2279374.1653300007,24051.874345999975
2106.003961999998,1307304.5171899998,9369.671430999997
2095.307187999998,1303513.4348599995,9188.174738999995
2108.1073379999984,1314000.5706599995,9186.998509
2106.003961999998,1307304.5171899998,9441.976239
2108.4797059999983,1309564.5608599996,9358.818035999997
2103.0677899999982,1309991.5355399998,9194.204961999994
2100.522226999998,1305370.6419899995,9181.151324999995
2105.631593999998,1311740.5269899997,9218.683754999998
2021.860744999998,1272641.2691799998,9676.481276999999
2259.9366159999986,1797920.9106499997,8546.999815
2259.9366159999986,1797920.9106499997,9865.519049999999
2259.9366159999986,1773824.9929799994,8697.987491
2232.5065549999986,1772869.0760399995,9714.426330999999
2231.9932909999984,1776202.2679499993,9800.981134000001
2235.3005729999986,1776218.1176499994,9811.142629000002
2259.5642479999983,1800578.4287899998,9714.426330999999
2259.9366159999986,1783793.3670399997,8697.987491
2259.9366159999986,1797920.9106499997,9428.471608999998
2232.1341869999987,1775424.9901899996,9714.426330999999
2232.1341869999987,1775424.9901899996,9714.426330999999
2247.7623209999983,1700657.3098099998,9844.038070999999
2276.435914999998,1772767.4720499995,9655.221706
2278.5870949999985,1547275.12096,9631.836115
2259.9366159999986,1797920.9106499997,8546.999815
2259.5642479999983,1802356.9204499999,8546.999815
2259.497573999998,1797920.9106499997,8546.999815
2259.5642479999983,1802356.9204499999,8546.999815
2232.1341869999987,1775323.3861999998,9714.531374
2232.1341869999987,1769569.5673899993,9714.426330999999
2159.8249759999994,1617642.0880099994,10520.731995999999
3911.7925140000025,3062508.385990001,8872.565811999993
3880.324273000003,3011303.586220001,8872.565811999993
3880.324273000003,3011303.586220001,8872.565811999993
3882.193661000002,3010622.3774100016,8932.198785999997
3911.5132380000023,3060439.858940001,8872.460768999996
3907.4498980000017,3062662.5128500015,8974.172584999995
3064.0986490000005,2019428.2447000016,23040.014625999975
3122.9931769999985,2185936.759730001,11842.905091999999
3921.7332300000007,3075854.437020002,8976.548946999997
4110.538273000002,3564012.093660003,8973.528488999997
3696.0612390000006,2813321.2276000017,8500.813602999997
4228.075729000001,3589699.8224700023,7644.598674999991
4230.156461000003,3499235.3899300015,8011.375493999991
4027.9222680000025,3079497.0581400013,8258.63790999999
3965.8871430000027,3045865.230240001,8223.52461399999
3923.066710000003,3045865.230240001,8779.450538999994
3793.0618450000015,3019506.1907400005,10588.861502
3790.889908000002,2988287.9968100004,10588.861502
3849.2938160000026,3011303.586220001,8872.565811999993
3880.2601150000028,3011303.586220001,8152.811804999994
3881.7873270000036,3009588.341570001,8922.332291999996
3878.893927000003,3009336.663160001,8872.460768999996
3880.2601150000028,3011303.586220001,8152.811804999994
3911.7925140000025,3062508.385990001,8152.811804999994
3881.7873270000036,3009588.341570001,8922.332291999996
3878.893927000003,3009588.341570001,8872.460768999996
3880.2601150000028,3011303.586220001,8152.811804999994
3880.2601150000028,3011303.586220001,8152.811804999994
3849.2938160000026,3011303.586220001,8872.565811999993
3878.1303210000024,2992311.6143600005,9939.798288999997
3878.1303210000024,2992311.6143600005,10373.045940999997
3878.1303210000024,2992311.6143600005,10449.024108999998
3878.1303210000024,2992311.6143600005,9939.798288999997
3878.1303210000024,2993191.78809,9939.798288999997
3878.1303210000024,2993191.78809,10449.024108999998
3897.4645230000024,2999921.16123,10449.024108999998
3878.1303210000024,2993191.78809,10449.024108999998
3871.553497000002,2990917.772680001,10449.024108999998
3848.0333000000023,2986894.1551300003,9939.798288999997
3878.1303210000024,2993191.78809,9939.798288999997
3889.8334950000026,2997647.1458200007,10449.024108999998
3871.553497000002,2993191.78809,10449.024108999998
3777.256333000002,2986894.1551300003,10588.861502
3848.2276610000026,2986894.1551300003,9939.798288999997
3790.889908000002,2989168.1705400003,10588.861502
3833.7103410000022,2989168.1705400003,10413.805769999999
3898.991735000003,2998825.7386900014,10536.241877999999
3834.2720379999996,3007877.1670100014,10721.916388000003
3791.573002000002,2991720.2722900007,10727.516375000005
3748.083313000002,2953726.3527900004,10648.171169999998
3748.083313000002,2953726.3527900004,10648.171169999998
3748.083313000002,2953726.3527900004,10648.171169999998
3748.083313000002,2954606.5265200003,10648.171169999998
3748.083313000002,2954606.5265200003,10648.171169999998
3746.717125000002,2953511.1039800006,10648.066127
3746.717125000002,2953511.1039800006,10648.066127
3749.6105250000023,2953564.643490001,10724.295266
3746.717125000002,2953511.1039800006,10648.066127
3733.083550000002,2951237.088570001,10648.066127
3740.380579000002,2951237.088570001,10656.711731999998
3740.380579000002,2950985.410160001,10656.711731999998
3761.3275370000024,2922819.7837300007,10727.620788999999
3761.3275370000024,2861525.559140001,9624.163573
3759.800325000002,2923915.2062700004,9102.300513999997
3759.800325000002,2862620.98168,9576.593561
3722.410678000002,2792166.0434999997,9576.593561
3721.044490000002,2791070.62096,9576.593561
3723.937890000003,2792965.43318,9633.019264
3716.5760740000014,2790027.74953,10928.931610000003
3721.044490000002,2792911.8936700006,9576.593561
3759.800325000002,2852439.1591099994,9576.593561
3723.093772000002,2798141.1085900003,11213.990636
5530.617106000003,4423685.952250003,19686.152659999992
3629.5048620000002,3172628.7127500013,25311.004659000002
3716.5760740000014,2790027.74953,11223.361477999999
3723.093772000002,2795331.7086700005,11213.990636
3726.3155100000017,2800298.8740400006,11223.361477999999
3721.044490000002,2791070.62096,11137.803010999998
3716.5760740000014,2788186.4768200004,11223.361477999999
3753.960689000002,2848934.48686,11207.03138
3743.2739790000023,2951237.088570001,10697.93765
3748.083313000002,2954606.5265200003,10648.171169999998
3399.577057000001,2425423.84528,12132.743260000001
3790.889908000002,2989168.1705400003,10648.171169999998
3748.083313000002,2954606.5265200003,10648.171169999998
3741.506489000002,2954606.5265200003,10648.171169999998
3748.083313000002,2954606.5265200003,9086.856676999998
3748.083313000002,2954606.5265200003,10648.171169999998
3741.746767000002,2952332.51111,10648.171169999998
3868.326726999999,2835270.8523200005,11933.099289000002
4033.788322000003,2986619.85648,10937.734464999998
3862.8626040000013,2835445.0754700005,11872.976953
3758.434137000002,2873052.1140300008,11137.803010999998
3758.434137000002,2950985.410160001,9095.502281999998
2859.3679549999997,2144165.86025,20858.544501999982
2054.369352000001,2344954.91481,20552.722185999985
3759.800325000002,2923915.2062700004,9102.300513999997
3722.410678000002,2794007.3162099994,9576.593561
3723.937890000003,2792911.8936700006,9633.019264
3721.044490000002,2792660.2152600004,9576.593561
3722.410678000002,2794007.3162099994,9576.593561
3722.131402000002,2792558.6112699998,9576.593561
3717.0100840000023,2794883.8575699995,9576.593561
3722.410678000002,2794007.3162099994,9576.593561
3058.2200150000017,2079625.46531,20714.902287999976
3723.937890000003,2792911.8936700006,11210.769526999999
3722.410678000002,2794007.3162099994,9576.593561
3711.170448000002,2790698.83783,11203.750516000002
3722.410678000002,2794007.3162099994,11137.908054
3722.410678000002,2794007.3162099994,11137.908054
3722.410678000002,2794007.3162099994,11137.908054
3808.0377060000023,2828568.9602299994,11490.387074
3847.0570920000023,2833469.1191399996,11040.692959000002
3829.1318500000025,2828568.9602299994,11040.692959000002
3847.0570920000023,2833469.1191399996,11700.382497999999
3844.8115620000026,2831511.7553199995,11040.692959000002
3935.2315699999995,2876929.8896300006,11928.418271
3916.4628389999993,2891000.6390700005,11003.891427000004
3847.0570920000023,2833469.1191399996,11700.382497999999
3922.688680999999,2866848.9685800006,11929.054190000003
3861.0334720000023,2883208.82418,11195.905628
3861.0334720000023,2855848.6625599996,11490.282031
3717.0100840000023,2794883.8575699995,11137.908054
3715.6438960000023,2793536.75662,11137.803010999998
3722.410678000002,2794007.3162099994,11137.908054
3808.0377060000023,2828568.9602299994,11490.387074
3741.746767000002,2952332.51111,9086.856676999998
3741.506489000002,2954606.5265200003,10648.171169999998
3748.083313000002,2954606.5265200003,10648.171169999998
3806.8061240000006,2997890.0274700015,10723.989572
3821.9310580000006,2962574.2730800016,10707.473919000002
3748.083313000002,2954606.5265200003,10648.171169999998
3748.083313000002,2954606.5265200003,10648.171169999998
3746.717125000002,2953511.1039800006,10648.066127
3748.083313000002,2954606.5265200003,10648.171169999998
3741.506489000002,2954606.5265200003,10648.171169999998
3741.746767000002,2952332.51111,10648.171169999998
3743.2739790000023,2951237.088570001,10697.93765
3740.380579000002,2951237.088570001,10648.066127
3741.746767000002,2952332.51111,10648.171169999998
3807.862844000001,2905940.3086000015,11130.246205
3771.914865000001,2884743.9964700006,11227.490234
3839.587717000002,2956199.887330001,10876.372999000003
3748.083313000002,2954606.5265200003,9086.856676999998
3741.746767000002,2952332.51111,9086.856676999998
3734.449738000002,2952332.51111,9086.856676999998
4222.782065000002,3612760.369959998,8096.511273
4222.782065000002,3612760.369959998,8096.511273
4222.782065000002,3612760.369959998,8096.511273
4222.782065000002,3612760.369959998,8096.511273
4222.782065000002,3612760.369959998,8096.511273
4222.782065000002,3612760.369959998,8096.511273
4222.782065000002,3612760.369959998,8820.606009000001
4217.523625000001,3610623.106749999,8820.500966
4222.782065000002,3612760.369959998,8820.606009000001
4299.691781999999,3675379.011720001,8787.949587000003
4305.081682999999,3643743.067,7963.955813
4263.428674000002,3644081.625769999,8761.191298000002
4222.782065000002,3612760.369959998,8820.606009000001
4222.782065000002,3612760.369959998,8820.606009000001
4265.3018360000015,3648917.252749998,8727.490736000002
4348.741830999999,3644975.9477399993,7497.659242999999
4308.908519000001,3648917.252749998,7887.614083000001
4265.3018360000015,3648917.252749998,8761.296341000001
4222.782065000002,3612760.369959998,8820.606009000001
4222.782065000002,3609033.290059998,8820.606009000001
4287.042591999999,3440693.90523,9922.131566000002
4222.782065000002,3612760.369959998,8096.511273
4222.782065000002,3612760.369959998,8096.511273
4221.995815000002,3610587.312549998,8096.511273
4222.782065000002,3609033.290059998,8096.511273
4222.782065000002,3612760.369959998,8096.511273
4222.782065000002,3609033.290059998,8096.511273
4222.782065000002,3609033.290059998,8096.511273
4222.782065000002,3609033.290059998,8096.511273
4222.782065000002,3609033.290059998,8096.511273
4222.704069000002,3609033.290059998,8096.511273
4222.782065000002,3609033.290059998,8403.847592
4222.782065000002,3609033.290059998,8096.511273
4222.704069000002,3609033.290059998,8096.511273
4222.704069000002,3609033.290059998,8096.511273
4222.704069000002,3609033.290059998,8096.511273
4222.782065000002,3609033.290059998,8096.511273
4222.782065000002,3609033.290059998,8096.511273
4222.782065000002,3612760.369959998,8096.511273
4222.704069000002,3609033.290059998,8096.511273
4256.354310999999,3611570.149269998,8226.559538999996
4256.354310999999,3611570.149269998,8226.559538999996
4238.888239,3610858.921339998,8218.493871999997
4248.0552849999995,3610944.015519998,8674.034541999998
4256.797126999999,3611713.297829998,8227.052674999995
4169.805169000003,3580786.1065100026,8267.423152999996
4167.987359000003,3571935.619910003,8251.183001999994
4182.393975000002,3597935.351299999,8238.909324999993
4171.177647000003,3582300.931880002,8204.295454999992
4169.805169000003,3578493.5691900025,8266.742574999997
4173.351471000003,3591465.8355799997,8238.909324999993
4256.354310999999,3611570.149269998,8229.336573999995
4180.520813000001,3596575.125809999,8238.909324999993
4182.692121000002,3596363.2481499994,8282.434866999993
4256.354310999999,3611570.149269998,8229.336573999995
4204.113345000001,3603986.4772999985,8243.969000999994
4248.0552849999995,3610944.015519998,8534.900999999996
4168.182978000003,3579006.0475300015,8188.098704999994
4139.959119000004,3559446.8752700007,8154.5176529999935
3096.431136000001,2044290.2888600016,23543.946781999977
4140.2459430000035,3559446.8752700007,8154.5176529999935
4210.475051,3603986.4772999985,8241.173095999993
4248.0552849999995,3610944.015519998,8227.564680999994
4169.597599000003,3580475.8301000013,8204.295454999992
4173.050809000003,3583612.6869400013,8204.295454999992
4173.050809000003,3583612.6869400013,8204.295454999992
4248.0552849999995,3610944.015519998,8227.564680999994
4173.050809000003,3583612.6869400013,8511.631773999994
4167.745194000003,3581628.4668800016,8188.859794999993
4169.597599000003,3582294.1578100007,8511.631773999994
4256.354310999999,3611570.149269998,8536.672892999995
4256.354310999999,3611570.149269998,8536.672892999995
4256.354310999999,3611570.149269998,8229.336573999995
4256.354310999999,3611570.149269998,8229.336573999995
4181.307063000001,3596260.6133999988,8546.245643999995
4168.182978000003,3579006.0475300015,8495.111717999995
4139.959119000004,3559446.8752700007,8461.853971999994
4168.182978000003,3579006.0475300015,8187.775398999994
4173.050809000003,3583612.6869400013,8511.631773999994
4167.828222000003,3580423.208390001,8496.196113999993
4168.182978000003,3579006.0475300015,8495.111717999995
4248.841535,3610944.015519998,8534.388993999997
4181.307063000001,3596260.6133999988,8546.245643999995
4170.363092000003,3580011.899850002,8246.324605999993
3759.800325000002,2952332.51111,9095.502281999998
4101.475641000003,3550548.9101700014,8152.811804999994
4173.050809000003,3583612.6869400013,8204.295454999992
4166.462034000003,3579009.849340002,8188.859794999993
4168.015035000003,3571635.4710700028,8251.183001999994
4129.247249000002,3548240.7173000015,8950.216491
4132.131214000002,3557618.307030001,8188.0836089999975
4132.268336000001,3559965.5981800016,8966.404434999997
4168.698758000003,3580341.820710001,8204.295454999992
4114.376431000004,3555306.7571300007,8167.066202999994
4167.745194000003,3581628.4668800016,8188.859794999993
4138.879755000004,3557479.952210001,8154.5176529999935
4169.597599000003,3580475.8301000013,8204.295454999992
4155.926284,3569852.856370002,8268.994394999994
4167.7244370000035,3578912.3966300017,8204.295454999992
4182.393975000002,3597935.351299999,8238.909324999993
4204.113345000001,3605565.0121099986,8243.758914999993
4167.107388000003,3579164.1174000013,8188.859794999993
4136.263115000003,3555419.501800001,8188.859794999993
4170.509020000003,3579048.0015800023,8248.502832999995
4167.396728000003,3576832.9901200016,8187.775398999994
4167.745194000003,3581628.4668800016,8188.859794999993
4166.379006000003,3580011.899850002,8926.985633999993
4168.628310000003,3580423.208390001,8188.859794999993
4168.628310000003,3580423.208390001,8188.859794999993
4168.698758000003,3580341.820710001,8204.295454999992
4169.597599000003,3580475.8301000013,8204.295454999992
4139.959119000004,3559446.8752700007,8154.5176529999935
4136.263115000003,3557110.1494100005,8154.5176529999935
4166.379006000003,3580011.899850002,8188.859794999993
4113.161203000002,3556221.4577900018,8995.774960999996
4139.959119000004,3559446.8752700007,8154.5176529999935
4132.089700000001,3557618.307030001,8935.889758
4109.906757000003,3551420.410690001,8167.090104999994
4101.475641000003,3550548.9101700014,8152.811804999994
2998.427275,2420752.225589999,21599.967558999982
1317.4499350000003,1240568.6740500005,15319.319531000001
1455.5368209999995,1168493.67767,17930.930046999998
1332.1201019999996,1113657.18566,18412.267265
1965.568389999999,1640237.2790899999,13287.047578
3958.58005,3454000.656770002,20270.319427000002
3964.1687150000002,3402062.022950002,20251.016046
3982.830516,3409666.539570002,20482.823932000007
4021.5416919999993,3430306.1495200014,23797.882887999975
3868.8594900000003,3192890.4927200014,18140.866974
3945.8396550000007,3272470.5691500013,18236.778781
3866.1139049999997,3264285.3992600017,10151.24607400001
3359.286462000001,2840546.8255800013,8515.437853000009
2977.5602000000017,2562060.1871100008,7705.875226000005
3018.396767000002,2595639.2521000006,7706.953961000005
3359.286462000001,2819103.346380001,7809.716207000004
3205.784044,2688524.922230001,10545.283124000014
3609.7794219999982,3149198.185960001,9856.233752000011
3804.375038999999,3174183.307100001,10420.594567000013
3194.514251,2688524.922230001,10294.953075000012
2587.3034400000006,1971584.3967599997,6761.349956
2658.432647,2113724.993499999,6636.959545
2681.8735899999992,2181962.7775099995,6545.443819
2771.1808969999997,2171264.194709999,6847.761347000001
2538.583616,2033925.5346299997,6746.121237
2665.5296539999995,2168221.595929999,6745.51551
1592.8179579999996,1216798.4624200014,6483.327553000001
1639.2400449999998,1253843.0802000014,6735.770412999999
1595.6912299999997,1185294.1231600011,6762.670856
1537.7364279999997,1237087.2080200016,6602.6343860000015
9321.911460999992,4195207.41222,3975.276854999999
5026.762876111113,2181725.5585722234,3975.276854999999
1.646652111111111,1444.0069022222224,0.0
1.646652111111111,1444.0069022222224,0.0
1.646652111111111,1444.0069022222224,0.0
1.646652111111111,1444.0069022222224,0.0
1.646652111111111,1444.0069022222224,0.0
10756.27551299999,5250226.514730003,4508.020355999999
10756.27551299999,5250226.514730003,4508.020355999999
10756.27551299999,5250226.514730003,4508.020355999999
10756.27551299999,5250226.514730003,4508.020355999999
10756.27551299999,5250226.514730003,4508.020355999999
10756.27551299999,5250226.514730003,4508.020355999999
10756.27551299999,5250226.514730003,4508.020355999999
10756.27551299999,5250226.514730003,4508.020355999999
10756.27551299999,5250226.514730003,4508.020355999999
10756.27551299999,5250226.514730003,4508.020355999999
10756.27551299999,5250226.514730003,4508.020355999999
10756.27551299999,5250226.514730003,4508.020355999999
10756.27551299999,5250226.514730003,4508.020355999999
10756.27551299999,5250226.514730003,4508.020355999999
10756.27551299999,5250226.514730003,4508.020355999999
10756.27551299999,5250226.514730003,4508.020355999999
10756.27551299999,5250226.514730003,4508.020355999999
10756.27551299999,5250226.514730003,4508.020355999999
10756.27551299999,5250226.514730003,4508.020355999999
10756.27551299999,5250226.514730003,4508.020355999999
10756.27551299999,5250226.514730003,4508.020355999999
10756.27551299999,5250226.514730003,4508.020355999999
10756.27551299999,5250226.514730003,4508.020355999999
10756.27551299999,5250226.514730003,4508.020355999999
10756.27551299999,5250226.514730003,4508.020355999999
10756.27551299999,5250226.514730003,4508.020355999999
10756.27551299999,5250226.514730003,4508.020355999999
10756.27551299999,5250226.514730003,4508.020355999999
10756.27551299999,5250226.514730003,4508.020355999999
1274.7439799999995,1050921.5173400005,21117.676148000013
1279.6734529999997,1054967.2715200002,20972.45074100001
1278.3204739999994,1051305.0341900007,21296.053629000024
1266.5374169999993,1052012.50267,21280.599728000023
1279.213653999999,1051725.8525499997,21150.536366000026
1282.721586999999,1053641.3858699999,21213.57474600002
1263.245230999999,1047392.6398799993,21117.37045400002
1262.352050999999,1047244.1716099991,21110.406166000022
1260.3581209999993,1046563.7288099986,21112.912102000024
1263.7748489999992,1047672.3959099993,21103.55006600002
1268.567199999999,1050720.3073399991,21141.064884000014
1263.7849129999993,1049507.5687799994,21115.201662000014
1322.813417999999,1085551.2938899994,21031.88809600002
1268.4143529999988,1047069.2424599995,21105.75030800002
1277.5757379999989,1044545.7195899998,21029.525572000024
1292.1804889999987,1173964.4222499991,21030.04198100002
1273.0022789999991,1050638.7431599994,21143.58088400001
1272.3959229999991,1050897.6051199995,21304.16584200001
1276.380008999999,1051550.6445299995,21111.137064000006
1273.100402999999,1047764.8571999999,21285.084498000004
1273.270232999999,1050417.4156899997,21278.12021000001
1274.7936709999992,1158607.0831199994,21117.839059000016
1265.868789999999,1045851.3042099996,21048.187372999993
1265.6555589999991,1045861.5729799998,20976.975766999985
1291.861585999999,1174430.1422099993,20984.457092999994
1264.702623999999,1047527.0587499995,20855.49259399999
1272.1298559999989,1159677.1920299996,20867.97509899999
1305.718455999999,1085226.8586499996,20827.38384199999
1382.8414040000002,1080310.0522599998,20599.231703999998
1273.4073549999991,1160607.3435000002,20417.87464999999
1274.2848099999987,1156813.8325300002,20298.043230999985
1277.8323699999994,1161197.1288400001,20203.62404099999
1272.940636999999,1156823.8471400002,20324.758747999986
1286.5427619999984,1165475.5912099998,20427.269393999995
1265.6599619999988,1147145.4802299999,20362.103106999995
1267.144401999999,1147702.2847799999,20214.03776500001
1265.246079999999,1149254.46461,20123.822811000002
1262.7596429999987,1149948.30376,20185.491228999996
1265.0114629999991,1149978.8700299999,20039.456928
1263.4886539999986,1147528.4640499996,20236.739632999997
1262.0394379999989,1146748.3869999996,20373.168475000002
1262.8483319999987,1147265.8391099998,20224.631383000004
1262.620633999999,1150082.72969,20126.737597
1262.3684049999988,1147265.8391099998,20279.936208000003
1294.9474599999987,1068151.669729999,20482.527044
1294.9474599999987,1068151.669729999,20462.941241999997
1262.458980999999,1150064.07011,19995.220615999995
1262.458980999999,1149978.8700299999,19975.268107
1249.6695239999985,1032127.2819599992,20484.720995999993
1249.6695239999985,1031932.2141599992,20607.343916999995
1262.0394379999989,1147116.9260599995,20625.200597999996
1279.9627929999986,1162264.7455699996,20625.047122000004
1262.0394379999989,1146748.3869999996,20608.514485999996
1285.6841769999985,1057904.623349999,20606.629373
1271.199564999999,1030462.6186799994,20557.856084
1262.0394379999989,1136501.3406199997,20614.808888999996
283.95072799999997,152815.8533,17287.698450249998
0.0,0.0,0.0
0.0,0.0,0.0
0.0,0.0,0.0
0.0,0.0,0.0
895.587183,779080.1638500004,13917.04454299999
1457.6861139999996,1295706.4829770015,18585.275130249996
1685.360211999999,1386357.3669400013,15479.245925999998
1114.527616,814302.1544100002,17186.26591025
1000.0162789999995,633668.3196699999,10983.696123999998
1584.3440699999999,1277418.0837125012,15674.943550999998
1310.5126939999993,1121083.5934825004,15640.045372999999
1277.5159829999996,1097163.5298225002,17602.525373
1346.3864509999996,1152831.2088700002,17665.985182999997
1407.2327659999999,1199590.7325900006,17700.34934
1346.2222819999997,1152974.0044300002,17612.27047
1300.8606889999994,1116132.3131125004,15711.986618999998
1584.2421719999995,1277220.6296325012,15727.334218999997
1295.0323749999995,1100771.2313,15675.246099999998
1318.5928279999998,1129008.5520300001,15659.595950999998
1343.2829649999996,1152969.2318700003,15660.632542999996
1394.4351319999994,1190250.1760900004,15676.247467999998
1404.3381079999997,1199944.7315800006,17547.662106
1404.3381079999997,1199738.3677800007,17550.950517999994
1404.7381519999994,1203520.7380700004,17458.483744
1437.8877099999995,1215779.6726500005,17518.575887999996
1387.0236249999994,1190250.1760900004,15676.247467999998
2294.0642689999995,1896438.2580200015,15952.516848000007
1439.569026999999,1233962.7450100011,17515.873075
1314.7112689999992,1134100.9688600006,15433.056569000002
1376.7545709999995,1181819.2829400005,15380.476572000003
1440.321310999999,1230151.647580001,15468.369887
1447.9573709999995,1226574.8927300011,17484.221795
1420.5858069999992,1223220.9797200009,15436.280823
1346.1920899999996,1162012.7600500006,15432.835161
1437.167504999999,1233756.511820001,17471.393969
1465.0454139999995,1186335.3919700007,17366.493123
1813.256669,1581358.32996,18905.487550999995
1816.0708150000003,1575329.4147199998,19128.324638999995
1826.856907,1580866.55154,19127.527695999994
1813.078662,1583476.07227,16675.40264599999
1793.677786,1563392.3561299997,16313.314392999993
1735.370115,1485287.6502599996,16396.038585999995
1823.476032,1576353.05824,19216.032398999996
1841.7088549999999,1586822.8617399998,19264.692468
1832.532374,1581106.1079299995,19257.811207999996
1839.1922260000001,1589307.16278,19257.726921999998
1831.0353540000003,1581727.71622,19276.534021999996
1579.1975919999998,1298774.2051200008,17022.11939699998
1836.231523,1490229.5726000003,19047.104385
1496.8218649999992,1207702.4290200004,17391.294593
1843.772604,1587984.82125,19159.657015999997
1843.7474439999999,1587991.98009,19008.952389999995
1840.2156089999999,1586372.27489,19092.948420999994
1841.2874249999995,1591526.4243600003,18860.451779999992
1830.7290309999998,1585840.9392900001,18184.634681000003
1836.0749019999996,1584752.9721100002,15746.034389000002
1839.7086349999995,1582794.1574600006,17794.981760999992
1839.7086349999995,1591383.9606200003,17765.479774
1824.6271019999997,1581482.3776900005,15460.286608
1825.3252919999995,1570725.9381900004,17430.496389
1820.2404559999995,1568768.5743700007,17507.530018999994
1825.1818799999996,1586648.0279000006,17553.392296000005
1817.4791459999997,1563703.5291600004,15336.925241
776.9804269999996,574244.13729,6617.045404999999
1619.6120999999998,1338982.4900900014,14831.842014999997
1836.1654779999997,1587207.8011800004,18070.535339000005
1827.1022169999997,1540859.1094500003,19113.230525999996
1570.5633089999997,1298347.5693200002,18873.44817799999
1800.2357399999996,1486635.097150001,17938.544721000002
1475.0974629999996,1217677.319460001,17567.927227999993
1533.4504219999997,1268258.7565300001,18996.817721999996
1857.6533759999993,1494864.543790001,15264.212840999999
1863.1357399999993,1500401.680610001,17402.812840999995
1832.334239,1469889.596110001,17823.505024000002
1786.9569209999995,1486630.0527800003,18624.647227999994
1842.0327900000002,1483425.79765,20715.001669999983
1833.5180170000003,1553360.54444,21410.225934999995
1837.5058770000003,1557362.91139,21535.687533
1810.2494200000003,1464464.52267,21410.517162
1842.2730680000002,1577677.6554400006,21193.543611999998
1831.168073,1478888.2650500005,21158.090026999995
1838.2946430000002,1469232.0030000005,21353.772555999993
1810.6331100000002,1465127.0860200003,21403.215100999994
1836.4875260000001,1541718.8939000005,21246.339984999988
1840.784225,1545398.0575800005,21177.127969999998
1845.9439120000002,1475593.7266400002,21342.652465
1521.493132,1220960.0994400007,21651.63928
1516.7599069999999,1217608.9857200007,21597.046482999995
1516.437859,1220960.0994400007,21755.861435
1514.282276,1220907.9225100006,21461.722164999996
1519.1438169999997,1220907.9225100006,21059.481696999996
1517.7191319999997,1221143.8959500005,21064.287256999993
1518.5456379999998,1220506.7309500005,20001.121264999994
1518.2047199999997,1220506.7309500005,18022.928216
1518.2047199999997,1220392.6695900003,17051.165988
1515.0886539999995,1220306.9753100004,20103.308605000002
1501.5959749999997,1209861.7229600004,18470.876227
1516.9366559999994,1220506.7309500005,18281.103782
1516.9058349999996,1219119.8045400004,18342.04130199999
1798.697835,1489456.3790500003,20777.718001999994
1494.7618899999995,1203867.4652600004,20718.11899399999
1495.6299099999999,1193767.2527600005,21516.589835000002
1533.4019890000002,1199445.4942700006,21668.026617
1594.1778560000007,1255266.9127600004,21621.689444999996
954.9440259999994,680436.1141800006,8255.898614999998
1533.084973,1224147.901240001,17516.671275999983
1560.760973,1243696.1481500007,22096.495126999987
1898.827716,1485597.0865300011,22253.050711
1866.5071799999998,1479785.245110001,21186.498811999998
1824.652891,1463523.841210001,21185.372272999994
1822.263949,1504892.4336500007,21221.82471
1831.8260070000001,1542471.99822,21291.839957999997
1831.2240540000005,1536443.9584200007,21303.924935
1830.1182720000004,1538642.5765600004,21301.287537999997
1831.3454510000001,1535303.9519800001,21403.989399999995
1831.479428,1534513.06254,21367.128741999994
1831.5127650000004,1539651.60235,21440.902264999997
1830.7372080000005,1540135.6394800001,21448.759733
1843.640514,1549044.0745600006,21395.056970999998
1830.4874950000003,1550186.9332400004,18591.285697
1828.9741210000002,1554755.8687200004,18542.998625
1828.574706,1555239.9058500004,18517.183836
1830.6749370000002,1550692.6516300002,18585.953664
1829.8088040000002,1550643.4328400004,18599.276513
1829.6704240000001,1554567.7479600003,18653.306354999997
1829.6383450000003,1554536.3344900003,18672.211578999995
1829.994359,1549291.0757200005,18580.551182999996
1828.9716050000002,1544540.3699500004,18591.285697
1830.7397240000003,1561329.4735500005,18633.262011999996
651.5477630000003,590872.0575599998,14567.021692999997
859.7071359999994,672822.1512800005,12338.077164999999
1832.0216260000004,1541988.3423300004,18580.551182999996
1841.7352730000005,1532721.4286900007,21363.806992999995
1881.493734,1581899.3730600001,21263.372675999995
1967.541563,1619209.8916200004,21390.01931
1970.722416,1620068.33467,21407.500477999998
1976.5456980000004,1624597.5223500002,21400.979634999996
1948.9741120000003,1542100.3527599997,21428.423534000005
2025.7775280000008,1593920.2091400004,22429.53616
1516.0598300000013,1168138.5737900003,18135.20471599998
1975.24241,1576584.28383,22386.413177999995
1969.4518360000004,1545686.8539399998,22433.167376999998
1978.0571850000008,1594602.6675700005,22423.111554000006
1989.1351330000005,1618863.97633,22405.915322999997
1917.826661,1586394.5491900004,21439.241705000004
1801.4371299999996,1413573.6775700003,21473.741097000006
1483.387054000001,1132063.6399500007,18765.097895999977
1415.695332,1111776.6205199999,21658.466446000006
1446.2710219999997,1126149.8874300006,20855.839172999997
1764.1915239999996,1374307.4119299995,21552.334018
1820.0857220000003,1470746.1717899998,21575.424608000005
1390.278071,1163059.8215900008,16761.61401499998
1440.9415049999998,1198577.114270001,17577.157173999978
1779.8190290000005,1442089.243489999,21621.246
1771.4527000000003,1459185.75008,21315.831905
1789.5414820000005,1481206.3348600003,18000.67168
1788.8489530000008,1485222.6947300008,18096.480959999994
1794.2614980000005,1479581.9135799995,21707.836027000005
1785.8203180000012,1467230.5494800007,17893.184385999997
1800.825113000001,1487192.9112800008,20775.084378999993
1797.9902100000008,1463957.4064000007,20968.689320999994
1551.2800560000005,1401587.8131600004,7859.100254999998
1807.4981739999996,1460780.1557699998,21567.326233000007
1754.4577490000008,1422656.4240499998,18174.537343999997
2037.0209030000008,1684812.6894799992,18458.332709000002
1913.6526170000004,1402344.73345,21030.21558500001
1940.3769400000006,1421159.1745499999,20843.493161000006
1945.0579580000006,1429169.7400099998,20825.416959000006
1638.3349139999998,1192663.00169,21014.494359000008
1623.6389580000002,1249745.25499,20976.166244000007
1628.1306469999995,1192663.00169,20959.184502
1640.518173,1205425.92143,20957.198749000003
1594.365298,1166754.87733,21111.299975
1952.1109349999997,1723118.6503499988,18465.769376
1937.0803509999998,1713481.7644699984,18270.922787999996
1640.68989,1205425.92143,20543.891654999996
1962.3152019999998,1723244.3960099986,18242.390089999997
1730.5978920000002,1458985.4648999996,18486.265341000002
1595.640281,1176391.76321,21176.78768100001
1971.3709150000004,1448611.1797099998,21428.159354000003
1957.603992,1478276.8902299998,21382.634850000002
1640.3514880000002,1221388.3802200002,21463.345614
1617.5439479999995,1223270.8656800003,20324.990848999998
2176.811121,1766181.8793399993,21199.522886000002
2321.0074839999997,1965264.1753699984,21284.976310000005
1954.6225319999994,1644706.9686199983,20425.41573100001
1948.796734,1676960.4338899988,19872.606501000006
1632.1411509999994,1229528.8179100002,20092.735744
1955.9950099999996,1685056.2100199985,20299.939666000006
1640.8226089999996,1234739.9698200002,20941.997706000006
1918.7280179999998,1467665.59021,21240.184591000005
1969.3530829999997,1456480.0509699997,21242.281677000006
1951.923493,1455698.9961099997,21241.725641000005
1951.923493,1455698.9961099997,21241.725641000005
1939.1623410000002,1437850.2677000002,21295.390034000007
1939.1887590000001,1437850.2677000002,21421.741038000007
1939.1887590000001,1437850.2677000002,21407.587280000007
1937.3030170000002,1437850.2677000002,21421.741038000007
1666.3530900000007,1328790.9459000004,15312.556522999996
1634.6187819999996,1197486.8349400002,21461.639137000006
1948.555827,1443826.19058,21203.959223
1934.0510870000005,1438399.81457,21356.569719000006
1909.2049580000003,1426943.3548899998,21356.569719000006
2203.394548000001,1914319.3883399994,21548.387043
2205.684108000001,1917372.4217999994,21567.577833000003
2203.4385780000007,1915177.880809999,21556.304895000012
2205.684108000001,1917135.2446299994,21651.735517
2205.4035740000013,1917135.2446299994,21671.288611000004
2206.000495000001,1917135.2446299994,21665.895565
2213.322055000001,1923299.3729899996,21676.794248000006
2215.334226000001,1924965.7059599995,21630.845169000007
2210.6582400000007,1920619.4993599993,21649.652269000006
2215.334226000001,1924965.7059599995,21000.717372000003
2274.2186900000006,1956217.1524899988,20909.195356
2274.1388070000007,1956302.7796999991,20909.195356
2227.6978500000005,1968161.9594299989,21561.513644000002
2274.1388070000007,1956302.7796999991,21561.513644000002
1891.2243640000004,1684266.6302099992,21437.049640000005
1893.0968970000004,1684829.178069999,20771.032360999998
1891.2243640000004,1684266.6302099992,21403.207553000004
1894.7750690000003,1685267.2263599988,21210.777583
2254.4228020000005,1939102.7346799988,21546.478657000003
2213.7812250000006,1929452.078269999,21671.10054
788.5439629999995,851594.6840900006,10325.740738000002
1650.5582709999994,1052256.9657600003,14843.672876000006
2206.8597090000007,1912901.4614699995,21668.346777999996
2206.8597090000007,1923148.5078499997,21641.061387
2206.8597090000007,1912901.4614699995,21654.554695000003
2206.8597090000007,1912901.4614699995,21636.784816
2206.8597090000007,1912901.4614699995,21636.784816
2206.8597090000007,1912901.4614699995,21636.784816
2206.8597090000007,1912901.4614699995,21651.819803
2206.8597090000007,1912901.4614699995,21651.819803
2206.8597090000007,1912901.4614699995,21659.880438
2175.7701260000003,1908051.4673899997,18869.51567
2199.126783,1858387.7455999998,22530.134017000008
1657.2571209999994,1038902.4886200003,15467.502496000005
2208.118967000001,1908415.0891599995,21645.666296
2203.754965000001,1904768.0943699991,21658.57086
701.4941369999998,637659.228240001,4968.018748999996
2196.5862520000014,1905854.3530299996,21678.857368
1670.895727999999,1276030.6375100005,17067.535083999996
1852.6087959999986,934649.4948400002,3395.135058999999
1364.5802760000008,820466.4945700003,2340.7599710000004
1368.003923000001,804163.3307700003,2349.9880300000004
1384.381196000001,843882.7989900004,2348.5646030000003
1372.9409440000015,837074.3997400004,2339.3365440000002
1365.899289000001,783117.3895800003,2200.2690470000002
1372.9409440000015,837074.3997400004,2181.0480650000004
1368.0573880000009,803345.7757100004,2538.0527400000005
1381.3116760000005,811510.8881000003,2557.273722000001
1361.8265140000012,793323.0714200004,1762.0000880000007
1430.775607,838022.2012100003,1750.5837380000005
1413.7347390000002,838022.2012100003,1760.5766610000005
1353.2985320000014,834792.7030500004,1775.1600260000007
1479.7520630000001,894704.0713200005,1760.5766610000005
1536.158895999999,886930.4959400005,1773.6302980000007
1355.0741990000013,803479.0826300003,1797.6442600000007
1336.6910450000014,721001.4092300003,1799.0676870000007
1346.072580000001,780062.7782100004,1799.0676870000007
1338.2232890000012,763759.6144100004,1776.5834530000006
1338.2232890000012,763759.6144100004,1776.5834530000006
593.369037,732202.5087100008,4227.702732
1905.2284199999992,999940.8019700003,2925.8614319999992
1340.4713350000009,780062.7782100004,1799.0676870000007
1330.9822410000017,721001.4092300003,1799.0676870000007
1331.0193520000018,720855.7543700003,1896.1670460000005
1391.728545000001,784257.6254700003,1896.1670460000005
1351.5253810000013,803158.7669000003,1894.7436190000005
1341.7199000000014,742568.0183600005,1917.2278530000006
1341.7199000000014,742568.0183600005,1917.2278530000006
1391.728545000001,784257.6254700003,1918.6512800000005
1390.4768350000006,786139.7826400003,1918.6512800000005
1390.743531000001,786139.7826400003,1918.6512800000005
1360.3471060000018,722737.9115400005,1918.6512800000005
1429.7220320000001,786139.7826400003,1918.6512800000005
1529.6053449999995,786139.7826400003,1918.6512800000005
1752.9512939999993,887480.9712,1918.6512800000005
2036.9221499999996,1157142.3131500003,2097.206768000001
2206.1571159999994,1308127.5084500003,2095.7833410000007
2211.1733909999994,1365773.2415300002,2095.7833410000007
2208.4856739999987,1365773.2415300002,2006.3275900000006
2212.5200799999993,1377660.4035699998,2207.818934000001
2254.354240999999,1491713.54573,2207.818934000001
2340.3517499999994,1493240.34839,2378.971092
2166.9502879999995,1372919.02759,2205.9482880000005
1094.3599889999994,628978.5487600007,3643.647298
2655.1071239999997,1949165.2114400002,15346.577246000003
2897.404842999999,2344513.0541199995,15823.936668000008
2855.274423000001,2403389.42643,22392.474222
1085.9578069999989,778492.4188800007,4418.519316999999
2899.181138999999,2338593.7559700003,15952.948342000007
2423.207403999999,1455605.5746199992,2376.0179370000005
2423.207403999999,1455988.6219799994,2376.0179370000005
2423.207403999999,1455988.6219799994,2376.0179370000005
2423.207403999999,1454778.9015699995,2376.0179370000005
2417.3922989999987,1454032.7584099993,2376.0179370000005
2416.8381499999987,1454032.7584099993,2376.0179370000005
1824.9365699999987,930957.76083,2148.8659090000006
2424.4540819999984,1454032.7584099993,2575.4430160000006
2422.4985209999986,1454032.7584099993,2667.2392760000007
2164.3003109999995,1450410.6501199994,2667.2392760000007
2124.924911,1452261.4079399994,2575.4430160000006
2124.924911,1452261.4079399994,2667.2392760000007
2124.924911,1452261.4079399994,2667.2392760000007
2124.924911,1452261.4079399994,2222.6425770000005
2121.8780349999997,1453007.5510999993,2222.6425770000005
2124.924911,1451168.8376399993,2222.6425770000005
2121.8780349999997,1451168.8376399993,2222.6425770000005
2121.8780349999997,1451168.8376399993,2222.6425770000005
2121.8780349999997,1451168.8376399993,2222.6425770000005
2121.8780349999997,1451168.8376399993,2222.6425770000005
2121.8780349999997,1451168.8376399993,2222.6425770000005
2121.8780349999997,1451168.8376399993,2222.6425770000005
2124.924911,1450422.6944799991,2222.6425770000005
2646.815646000001,2428470.4682599995,22458.666408000016
2624.3848770000013,2435007.1139899995,21438.958026
2114.454577,1623655.4959200006,14883.523800000006
2624.3848770000013,2412533.7961199996,21360.517952000006
2518.870127,2305923.0164599996,17211.668546999997
2624.3848770000013,2412533.7961199996,21359.027222
2514.522479000001,2425596.2434199997,21266.183048000006
4161.799257000001,3875056.2222399996,536.686073
4929.460420000003,4382550.880000002,12671.837145
4796.579138000002,4230117.9187400015,6044.884360999995
4653.609954000002,4292476.307720001,917.3820330000001
4519.105852000002,4210766.356369999,919.7502180000001
3742.544339,3358820.9844300007,454.88713900000005
0.0,0.0,0.0
0.0,0.0,0.0
0.0,0.0,0.0
0.0,0.0,0.0
0.0,0.0,0.0
0.0,0.0,0.0
0.0,0.0,0.0
0.0,0.0,0.0
0.0,0.0,0.0
0.0,0.0,0.0
0.0,0.0,224.67942899999994
21.150753999999996,13916.61199,100.08836700000002
0.0,0.0,0.0
0.0,0.0,0.0
0.0,0.0,0.0
0.0,0.0,0.0
0.0,0.0,0.0
0.0,0.0,0.0
0.0,0.0,0.0
0.0,0.0,0.0
0.0,0.0,0.0
0.0,0.0,0.0
8405.786798999996,4470602.229510004,4852.511705
8405.786798999996,4470602.229510004,4852.511705
8405.786798999996,4470602.229510004,4852.511705
8405.786798999996,4470602.229510004,4852.511705
8405.786798999996,4470602.229510004,4852.511705
8405.786798999996,4470602.229510004,4852.511705
8405.786798999996,4470602.229510004,4852.511705
8405.786798999996,4470602.229510004,4852.511705
8405.786798999996,4470602.229510004,4852.511705
8405.786798999996,4470602.229510004,4852.511705
8405.786798999996,4470602.229510004,4852.511705
8405.786798999996,4470602.229510004,4852.511705
8405.786798999996,4470602.229510004,4852.511705
8405.786798999996,4470602.229510004,4852.511705
8405.786798999996,4470602.229510004,4852.511705
8405.786798999996,4470602.229510004,4852.511705
8405.786798999996,4470602.229510004,4852.511705
8405.786798999996,4470602.229510004,4852.511705
8405.786798999996,4470602.229510004,4852.511705
8405.786798999996,4470602.229510004,4852.511705
8405.786798999996,4470602.229510004,4852.511705
8405.786798999996,4470602.229510004,4852.511705
8405.786798999996,4470602.229510004,4852.511705
8405.786798999996,4470602.229510004,4852.511705
8405.786798999996,4470602.229510004,4852.511705
8405.786798999996,4470602.229510004,4852.511705
8405.786798999996,4470602.229510004,4852.511705
8405.786798999996,4470602.229510004,4852.511705
8405.786798999996,4470602.229510004,4852.511705
8405.786798999996,4470602.229510004,4852.511705
8405.786798999996,4470602.229510004,4852.511705
8405.786798999996,4470602.229510004,4852.511705
8405.786798999996,4470602.229510004,4852.511705
8405.786798999996,4470602.229510004,4852.511705
8405.786798999996,4470602.229510004,4852.511705
8405.786798999996,4470602.229510004,4852.511705
8405.786798999996,4470602.229510004,4852.511705
8405.786798999996,4470602.229510004,4852.511705
793.0884879999999,645794.5827299997,61.173395000000035
759.6973939999999,618959.7204099996,58.90207600000001
800.2578299999997,641547.2090699994,59.718518000000024
774.878938,639149.1918200004,61.88731000000003
759.1363260000003,623287.99461,60.07641900000001
790.6567739999998,637021.30076,60.293423999999995
775.8733869999996,634172.8625700005,60.867072000000014
764.2658210000003,622252.3526199999,58.63286399999995
764.6683810000005,623844.3190800002,59.71725999999997
765.1124550000005,624335.5468200002,57.44027999999999
756.0693220000004,622715.4427299998,59.993390999999995
777.9553769999995,639842.7132700006,61.289760000000044
780.1185079999996,641743.1276000008,61.59545400000001
764.9011110000006,626858.0918800002,59.39709899999994
758.9746730000002,623145.6438300003,60.12233599999999
778.4793339999998,643872.6459900007,61.42625299999997
778.0723709999995,643250.5293800007,61.42373699999997
758.4714730000003,623248.0914899996,60.821155000000005
2473.8337269999997,2311460.9437300004,75.56931800000001
520.242755,457491.51943,16.509992
364.47656600000005,223547.35639000006,21.052630000000004
383.40946599999995,755721.9138099998,96.99871899999998
331.233916,629774.0554099999,161.78194499999998
192.88285,590682.61658,171.248395
99.568813,291027.13644000003,165.10117799999998
434.47294400000004,508960.87498,34.401897
169.097215,72080.05486999999,18.023995
305.28892399999995,288310.2084,66.03871
111.777074,144155.1042,1.207051
118.575306,72077.5521,0.311984
135.13939200000002,77957.15893,0.213231
73.01054599999999,6612.13478,0.039626999999999996
632.794757,223295.0743,1.533502
192.168306,35076.88282,508.16721299999995
1.122765,978.68191,559.6684750000001
161.86937600000002,177067.27453000002,994.5100130000001
0.0,0.0,0.0
0.0,0.0,0.0
133.25176299999998,157326.32491999996,638.726856
143.284942,157326.32491999996,585.654981
0.0,0.0,0.0
0.0,0.0,419.875112
132.735354,161805.26304999998,296.882339
154.66984199999996,162035.11899999998,354.40187299999997
1986.6153590000001,1058163.9513100001,360.0037469999999
1149.847224,1015924.1831,0.4358970000000001
4874.209059999997,3457028.0339900027,9395.820218999997
6556.753867999995,4756168.049710002,10542.459543000003
4034.5003500000007,2470148.7970300005,5685.462438999996
2792.2278660000015,1513206.35318,2941.385780999999
2662.1292800000015,1310327.5668300006,2617.37593
2755.3823040000025,1538304.264850001,2482.2019430000005
2181.6053590000024,1797675.148530001,1666.614754000001
1871.4662160000014,1556277.6199100008,342.28607500000015
1747.4009980000008,1369472.5297400006,315.71711500000004
1998.2656970000012,1638098.568580001,253.3744090000001
2868.8105029999992,3137720.920500001,591.0939440000001
1.646652111111111,1444.0069022222224,0.0
0.0,0.0,0.0
0.0,0.0,0.0
0.0,0.0,0.0
5635.521726000002,5262327.587700002,1303.7106880000001
7467.912574999999,7302491.41192,1324.5777630000002
1685.2878769999995,1515348.5901000008,215.37651899999994
1613.5246380000003,1420205.3155300003,204.95336
1732.876129999999,1531290.8149300006,199.54333099999997
873.7281749999997,793582.8335300003,141.41995699999998
920.1030869999996,801076.9741100003,137.60003999999998
852.5799369999997,693280.9334500007,122.54995699999998
894.6417959999999,715884.5753900006,128.173217
897.0118679999998,710487.0465400006,151.57579100000004
876.9146889999997,692047.2761100008,152.426199
839.3281649999999,662167.8664500007,147.696748
739.5266219999997,565023.3889900006,147.669701
739.2316209999997,574655.9259100002,207.37075077142842
789.9070059999999,614349.6427800002,202.59448419999987
787.6470089999998,600031.5250600002,201.95667819999983
826.194645,678418.6309300005,202.00133719999988
836.1070560000001,701020.3878500003,202.04348019999986
836.1070560000001,709246.0538600002,202.61587019999985
859.4001840000002,733307.4304800002,202.27054919999983
875.474908,742454.23587,202.05115399999988
861.310457,738491.3237300003,202.38012099999986
1286.8113449999992,1080143.3127099993,2718.0064949999987
858.3183039999997,740534.9995800001,202.6229149999999
806.5063159999997,706256.63453,204.08974299999988
860.7198259999996,723267.7645400002,203.48904799999985
862.5709729999996,723267.7645400002,203.74945399999987
966.2232539999995,782140.7585999998,203.14875899999984
977.4402109999995,780769.8901599997,202.98081599999986
1280.7012389999995,1041573.5831399987,202.84432299999986
853.7020729999997,737425.9344300001,202.60027099999988
918.2349569999996,791840.2913899998,201.8731469999999
729.0260959999994,559974.2111300003,938.7541950000007
742.8420809999996,575804.2596200004,886.452216
695.6614199999995,566610.5793600003,963.2946300000004
961.013247,834424.3193099999,202.97515499999992
951.0014540000002,814684.2416100001,178.0390789999999
930.6929310000003,803532.4385799998,174.97144599999993
934.8575400000002,791485.1275000002,192.06766599999992
958.5595179999997,822240.8067099997,200.63779099999988
889.4733029999994,766046.4331300001,175.13813099999996
906.2449589999995,782290.8506699998,175.16517799999994
929.1745249999994,798982.7733699998,175.42118099999993
936.3105299999999,781239.7296299998,174.71921699999993
926.9321399999997,800497.7505299996,202.89590099999995
897.9956239999999,766551.4066899999,176.40493699999996
946.741866,817819.6617399999,203.5777369999999
971.1105839999997,830575.2955600001,200.7327699999999
971.3716189999999,825853.0839500001,200.7717679999999
973.1202389999999,837462.4526399997,176.22378499999996
952.84694,814238.8720999999,177.48870399999996
987.7816,814688.0645999998,198.32055499999998
993.507387,817002.1207999997,197.51166099999998
1006.0049879999999,815769.8578099997,194.45031799999992
985.9166150000002,807989.4942399998,199.54396
982.7558900000002,805282.0160099998,199.676679
1158.5695670000005,1215155.2085899997,263.82209899999987
987.362686,814202.4354399998,196.90530499999997
877.0549559999998,754869.3023500001,197.51606399999997
876.2309659999999,746622.2551300001,191.30405999999996
964.8142939999994,767150.2288299999,200.09999599999995
909.9315279999998,779475.11793,197.18520999999993
988.0357159999999,844890.6386999998,197.1455829999999
1048.9417859999996,856878.7481499997,197.10532699999996
1040.9899679999992,912904.6242399995,266.81362299999995
1158.9759009999998,715729.68605,1171.4288429999995
989.1528199999997,923847.5430500006,564.6715410000003
2012.4641139999994,1747737.594,5607.534371000001
4479.365002999998,3548662.8982800003,410.8911050000004
2436.8485270000006,1720850.519449999,164.35644199999996
1443.7499899999996,906231.0462799997,193.0356969999999
1223.5748300000002,1068350.4122599994,206.66675599999996
4029.3821769999986,3099322.0253200005,325.269738
2224.7415499999993,1587131.5708699983,351.89090500000003
2095.799065999999,1576677.5076399988,127.69832199999993
2061.6185769999993,1569594.9297599988,104.86373499999998
2060.3920269999994,1650513.956369999,105.02916199999999
2023.1407599999998,1603199.1565499995,116.25115099999998
2049.0782039999995,1731443.9471200001,174.518566
2500.837954999998,2143661.5362500013,182.72575799999996
3526.615557999999,3095408.9143400015,7.321560000000001
356.0750130000001,382854.0571999999,2881.955973999999
2015.5216829999997,1762586.913180001,598.3343630000007
1825.887618,1650793.1051600007,5866.542733
2049.7040590000006,1758698.51934,0.4918780000000001
3816.5185129999986,2691289.3217099993,10.080354
1739.1856290000007,1331320.66745,6.316417999999999
333.0058089999999,228077.49717,11.022595999999998
247.58509299999977,120117.71040000013,32.93066599999999
227.30110099999976,113402.1536800001,8.983378
241.70520099999985,128252.20004000008,2.275093
105.14552699999999,46148.83725,2.273206
49.47462400000001,14605.600920000003,2.331703
0.0,0.0,2.23295
0.0,0.0,0.280534
0.0,0.0,0.27172799999999997
0.0,0.0,508.61694800000004
0.0,0.0,0.18429700000000004
0.0,0.0,0.15536300000000003
0.0,0.0,0.184926
4540.134579999999,3313081.041140001,9082.973860000004
947.8904199999994,786873.2636900007,298.49383700000016
948.0973609999998,763035.6396499998,277.84942800000005
2545.109491,2545656.7995500006,277.46196399999997
3325.3223490000005,3419107.98343,263.38620199999997
3275.8414349999994,3279734.6984199993,195.53534299999995
2566.118091,3003551.02842,199.79304399999998
1139.9744399999995,1156060.5269999986,199.16907599999996
1075.7805870000002,1016540.4469399999,198.01611899999992
1065.4146670000002,1048345.6692799993,197.97837899999996
1073.980389,1039973.0564299996,197.88088399999992
1124.7972990000003,1195806.9785399993,197.02355699999993
1110.9146400000004,1221857.234819999,197.02292799999992
1127.953621,1324973.2544299988,198.24507499999993
1153.657077,1337288.3301299992,198.24004299999993
3094.6919510000007,3459708.9950200017,199.92261799999997
3301.3335469999997,2925697.4644000004,199.958471
3473.9852410000003,2791899.7120200014,203.463888
3559.2751249999997,2886322.15,203.17266100000003
3541.519712999999,3101391.01119,203.18083800000005
3842.1049749999993,3391108.11172,431.66634600000026
4299.393006999999,3656062.8799999994,431.7204400000003
4236.173475,3672917.8251599986,409.1651290000004
4334.471707999999,3862959.819429999,409.1651290000004
4370.227212999998,3393502.3730900004,409.1632420000003
1318.8658139999998,1045286.1829799992,182.86602499999992
4344.023073000003,4879384.906000002,2959.5085289999984
1024.6353389999997,1072541.81071,636.8373399999999
2524.4078429999995,2322629.5604200005,5.173525
1477.0196870000007,1186169.59493,5.473558
303.4050689999998,261246.51029999994,10.496751999999999
254.77015999999978,121526.8087400001,67.62253199999998
223.3012899999998,110800.63546000009,11.718899
240.9516589999998,128063.28856000007,1.9524160000000002
101.145716,44848.07813999999,1.9524160000000002
12.985076,4091.188809999999,2.0511690000000002
0.0,0.0,1.9524160000000002
0.0,0.0,0.0
0.0,0.0,1.9524160000000002
0.0,0.0,512.2500520000001
0.0,0.0,0.34720799999999996
1730.3488079999997,2042646.2972999995,100.93374300000005
7893.343015000004,5973324.609400001,5207.49729
902.0860109999999,750779.5608400002,270.4876120000001
3045.9350160000004,2422568.48825,257.67614000000003
3540.7535909999983,3059814.2546499996,263.512002
4235.008567,3661871.7315099984,729.3582080000009
4002.5175869999994,3284478.4713100004,426.9802960000004
881.6699289999998,758334.8904400001,271.1373689999999
4707.512109,3552098.4213600014,3237.9322339999994
3884.2762799999978,3723665.867560002,3160.8671540000005
4081.0117549999977,3839961.9576000017,2875.306815000001
4513.9555999999975,3976244.7735400014,2944.332646
4580.827105999996,4343597.707650003,2913.81734
4598.794490999997,4310720.537270003,2939.0125639999997
4781.234053999998,4468211.773240004,2786.448614
4812.848222999997,4462284.582010004,2697.056392
3682.8899790000014,3263215.30455,2737.916232000001
4801.563333999997,4471003.960880004,2910.1622209999996
4796.333198999998,3823298.352640001,405.6798400000002
4703.689047,3549442.0504700015,712.9067130000003
4703.689047,3549442.0504700015,701.3261940000001
4703.689047,3549442.0504700015,701.3884650000001
4703.689047,3549442.0504700015,701.3261940000001
4713.937973,3477834.0448500025,708.0558650000002
4713.937973,3477834.0448500025,708.0495750000002
4713.937973,3477834.0448500025,708.3005460000002
4713.937973,3477834.0448500025,708.3005460000002
4714.6235830000005,3477913.5439800024,708.3005460000002
4714.6235830000005,3477913.5439800024,708.2942560000001
4714.6235830000005,3477913.5439800024,707.7986040000003
4714.6235830000005,3477913.5439800024,707.8048940000003
4714.6235830000005,3477913.5439800024,708.0149800000004
4363.366709999998,3133168.1100999992,339.6191569333334
2712.541113999999,2271588.33034,177.72206300000002
3690.727948,3217326.3917900007,400.5176370000001
4045.6864859999996,3869573.9733700026,400.60695500000014
4645.131662999997,4345075.323330004,401.12273500000015
4645.131662999997,4383692.128980004,401.4315740000002
4923.402520999997,4194039.0983500034,401.5108280000002
4589.380876999999,3911636.0519600017,401.31835400000017
4746.196866999999,3647465.783860001,400.8962950000001
4749.334318999999,3612124.3098900006,400.3496940000001
4312.545397,3362330.6480800007,398.70800400000024
4486.498492,3520187.1189900017,397.94314000000026
4360.701637000001,3451863.4500800013,397.9670420000003
4427.346703,3440236.5055200006,397.96641300000016
4523.249703999999,3594936.817550001,398.89796200000023
4523.249703999999,3594936.817550001,398.7973220000003
4523.249703999999,3615833.739790003,398.7973220000003
4543.940029999999,3594936.817550001,398.08843900000016
4523.249703999999,3594936.817550001,398.24317300000007
4523.249703999999,3594936.817550001,398.25512400000014
4523.249703999999,3594936.817550001,398.1425330000001
4507.992679999999,3631141.2953300015,398.25512400000014
4456.30775,3631141.2953300015,398.41048700000016
4456.30775,3632855.1632800014,399.12503100000026
4523.249703999999,3631141.2953300015,398.25512400000014
2462.4324730000003,2061062.1943799993,403.845676
4365.604063000001,3448658.428940002,410.27657200000033
4431.554713000001,3463302.9234000016,714.9169970000003
4431.554713000001,3463302.9234000016,705.0196820000002
4451.8015940000005,3463302.9234000016,707.2520030000001
4657.639328,3480490.4157400024,705.0196820000002
4657.639328,3480490.4157400024,705.0196820000002
4431.554713000001,3463302.9234000016,707.2520030000001
4431.554713000001,3463302.9234000016,707.2532610000002
0.0,0.0,0.0
1208.2448419999998,719660.0798300003,2695.2379530000007
1294.5172240000004,1441019.5863800005,3.6859400000000004
1631.312758000001,1260178.6253600002,6.586888
1315.7032020000008,1151992.7985699999,9.375873999999998
312.2632759999998,225367.63972000004,10.321889999999998
1537.1898270000002,819402.66557,1780.3719200000005
1469.2471340000002,802022.4917099999,1654.2769190000006
563.3852359999998,367962.0285400001,464.77376100000004
557.6883829999999,123213.22741000002,449.499125
557.6883829999999,116601.09263000003,603.9003839999998
864.990107,373814.1049300001,888.312798
1377.9308010000002,1092732.3904599997,733.55867
958.0286419999998,722189.0106600001,12526.053814999994
4246.950760999999,3741717.3345399983,770.377814000001
4486.108511999999,3874630.761909998,770.377814000001
4453.161492,3852416.962579998,771.1672090000009
4453.481024000001,3844670.215199999,780.0801390000005
4455.581884000001,3846671.788739999,707.5583260000006
4478.4850320000005,3867976.7330899998,710.6209270000005
4305.518208999999,3858767.3231499977,711.1813660000006
4192.806441,3620394.3197599975,711.1813660000006
4301.552363999999,3863558.2956299977,711.1813660000006
4195.943893,3625799.049809998,711.1813660000006
4461.8926409999995,3875214.9380799993,403.8764970000004
4372.653894999999,3857666.097289998,403.8764970000004
4273.3241020000005,3857001.3418099983,403.8853030000005
4252.937583,3770471.609649997,403.8853030000005
4252.357016,3775330.7040699976,403.8853030000005
4220.055349999999,3619832.601449999,403.8853030000005
4190.4093219999995,3442821.5986499996,403.9821690000005
4158.920323999999,3174976.0569299995,403.9689600000005
4220.154102999997,3380215.8060899996,403.9689600000005
4313.680741999998,3352863.04335,402.2455000000006
4376.8543569999965,3366675.52387,402.2631120000006
4128.542768999997,3216350.0290900003,402.3738160000006
2173.8372089999993,1537334.2632899988,470.4643240000005
2160.2237619999996,1590973.0051199985,226.882816
1056.6935819999997,826352.9142500001,823.1263829999999
1062.3589850000003,1153457.3638000002,3.5463020000000007
2534.4856809999987,2344050.3664300013,4449.230870999999
4439.048619000001,3458117.957030002,406.16291200000035
4427.731651000001,3460646.5525100017,717.2996490000004
4309.517391000001,3460677.7753600013,718.53815
4387.928531000001,3402175.812540001,710.7681130000002
4387.928531000001,3467542.043920001,710.4397750000003
4428.555012,3639807.4065000014,710.3397640000002
4446.601650999999,3646224.582910001,403.1003110000003
4478.244124999998,3615220.6246800013,403.18648400000035
4414.716382999998,3402932.549229999,403.3915380000002
4375.586292999998,3107800.577,403.5714320000003
4359.1215889999985,3086635.38888,403.6028820000003
4347.608372999998,3105189.7960600005,403.72427900000037
4347.608372999998,3091932.0444500004,403.7293110000004
4326.918046999997,3099972.14895,403.9972650000003
4326.226775999998,3099275.22811,403.9085760000003
4326.226775999998,3165903.4768499993,403.8915930000003
4139.688648999998,3145690.6933200005,400.51512100000036
4199.239223999997,3234176.059600001,400.5346200000003
4127.335717999998,3025316.49665,403.7708250000004
4144.751469999998,3047179.135109999,403.96267000000034
4165.733651999998,3047122.457429999,403.8192580000003
4143.066378999998,3042721.775869999,403.8507080000003
4144.518739999998,3044460.219679999,403.8507080000003
4142.812891999998,3080847.9503499996,403.9532350000003
4251.436788999997,3102996.0705,404.0136190000004
4200.202222999997,3190273.7108200006,400.5283300000003
4206.192819,3526873.570859998,728.4876720000008
4472.147228000001,3758695.6955599994,402.63799600000004
4463.170769000001,3759538.659559999,728.1039820000007
3264.442696999999,2390434.0370099987,398.10793800000016
2574.753003,3015708.4467700003,46.488761000000004
1991.9549400000003,2302142.6264800015,28.154669
2013.2943940000007,2211776.327960002,11.849730999999997
2139.2038400000006,1771269.8483300009,27.052031999999993
2834.815568999999,1832672.059049999,590.8002010000001
2595.6911549999986,2324579.5853700014,647.5970139999997
2466.1662169999995,2068280.8467,241.22212899999988
2394.913726,1656166.1888399997,241.4850509999999
2318.133583,1590184.7949499995,467.17465400000066
2380.102663,1657619.6628099992,404.9753600000004
3982.780825,3531576.2403899985,405.22318600000057
4462.894638,3412091.582540001,410.56213800000046
4499.860339000001,3511105.0961600007,410.56213800000046
4452.175220000001,3513953.442570001,711.544928
4427.778826000001,3529709.0927800024,711.324778
4478.529691000001,3513953.442570001,710.2800090000002
3703.423684,3074355.694330001,5897.467517999999
4452.318003,3513953.442570001,710.8417059999998
4406.149403000001,3384553.350070001,403.301591
4232.748569999998,3104516.4909200007,403.8953670000003
4248.713847999997,3355201.8166099996,403.8280640000004
4211.770790999997,3356740.525959999,403.3632330000002
4160.689071999998,3069082.1285300003,403.3632330000002
4143.960187999998,3055877.514009999,403.10534300000023
4262.099596999997,3520053.2260900005,403.033008
4201.055146999998,3522523.84838,402.960044
4227.834192999997,3521280.19055,403.033008
4206.192819,3528241.7776799984,728.4933330000007
4452.98034,3775826.5455199988,402.99715499999996
4465.086073999999,3785660.48659,402.99715499999996
4452.98034,3780366.4255699986,395.16170199999993
4473.575686999998,3763490.2439299994,402.99715499999996
4418.535670999998,3608105.6449299995,402.99715499999996
0.0,0.0,0.0
0.0,0.0,0.0
0.0,0.0,0.0
17.904485,13916.61199,101.27717700000002
8386.747598000004,7526444.414900002,258.346654
0.0,0.0,0.0
0.0,0.0,0.0
0.0,0.0,0.0
0.0,0.0,0.0
0.0,0.0,0.0
0.0,0.0,0.0
0.0,0.0,0.0
0.0,0.0,0.0
0.0,0.0,0.0
0.0,0.0,0.0
0.0,0.0,0.0
0.0,0.0,0.0
0.0,0.0,0.0
0.0,0.0,0.0
0.0,0.0,0.0
0.0,0.0,0.0
0.0,0.0,0.0
0.0,0.0,0.0
0.0,0.0,0.0
0.0,0.0,0.0
0.0,0.0,0.0
0.0,0.0,0.0
0.0,0.0,0.0
0.0,0.0,0.0
0.0,0.0,0.0
0.0,0.0,0.0
0.0,0.0,0.0
0.0,0.0,0.0
0.0,0.0,0.0
0.0,0.0,0.0
0.0,0.0,0.0
0.0,0.0,0.0
0.0,0.0,0.0
0.0,0.0,0.0
0.0,0.0,0.0
0.0,0.0,0.0
0.0,0.0,16.509992
0.0,0.0,261.219297
0.0,0.0,894.2209950000001
0.0,0.0,1165.0476380000002
0.0,0.0,1165.0476380000002
0.0,0.0,894.2209950000001
0.0,0.0,894.2209950000001
0.0,0.0,894.2209950000001
0.0,0.0,894.2209950000001
0.0,0.0,894.2209950000001
0.0,0.0,894.5971370000001
0.0,0.0,894.5971370000001
0.0,0.0,894.5971370000001
0.0,0.0,894.5971370000001
0.0,0.0,816.0123930000002
0.0,0.0,816.0123930000002
0.0,0.0,816.0123930000002
0.0,0.0,816.0123930000002
0.0,0.0,816.0123930000002
0.0,0.0,816.0123930000002
0.0,0.0,816.0123930000002
0.0,0.0,816.0123930000002
0.0,0.0,816.0123930000002
0.0,0.0,816.0123930000002
0.0,0.0,816.0123930000002
0.0,0.0,816.0123930000002
0.0,0.0,816.0123930000002
0.0,0.0,816.0123930000002
0.0,0.0,485.5760489999999
0.0,0.0,481.066748
0.0,0.0,425.158083
